,age,region,employment_type,hours_worked,weekly_earnings,tenure_years
0,44,Dammam,FullTime,39.275,1032.831,22.421
1,45,Jeddah,FullTime,41.508,629.746,8.304
2,41,Dammam,FullTime,39.039,888.572,11.514
3,48,Jubail,FullTime,39.524,674.034,15.068
4,57,Buqaiq,FullTime,41.019,722.807,7.857
5,52,Riyadh,FullTime,17.247,758.912,8.256
6,46,Dammam,PartTime,15.648,233.005,13.844
7,54,Dammam,PartTime,14.338,326.383,12.219
8,59,Dammam,PartTime,18.66,406.294,16.849
9,40,Jeddah,FullTime,40.595,1009.885,21.126
10,62,Dammam,FullTime,40.087,827.192,4.837
11,56,Jubail,PartTime,17.517,282.962,8.463
12,45,Jubail,FullTime,39.025,731.123,14.674
13,57,Dammam,FullTime,39.742,801.161,4.853
14,25,Dammam,FullTime,38.392,648.75,5.468
15,48,Buqaiq,FullTime,39.428,531.858,10.681
16,44,Alhasa,FullTime,40.141,847.662,10.534
17,36,Dammam,PartTime,21.661,443.537,15.949
18,49,Dammam,FullTime,40.749,855.051,5.68
19,51,Buqaiq,PartTime,21.358,501.444,22.384
20,39,Jeddah,PartTime,43.131,400.961,12.384
21,39,Dammam,FullTime,39.896,744.87,20.98
22,55,Dammam,FullTime,40.241,1706.734,22.433
23,22,Khobar,FullTime,38.455,879.405,5.121
24,55,Khobar,FullTime,38.843,768.796,15.494
25,38,Dammam,PartTime,14.034,405.912,10.539
26,35,Dammam,FullTime,39.053,686.415,11.92
27,44,Dammam,FullTime,39.996,833.187,12.176
28,33,Khobar,FullTime,40.969,688.28,11.425
29,43,Alhasa,FullTime,42.096,697.297,10.291
30,40,Dammam,FullTime,38.993,1117.049,3.676
31,48,Dammam,PartTime,18.726,410.214,13.411
32,60,Dammam,PartTime,17.653,419.511,21.529
33,44,Buqaiq,PartTime,17.567,359.832,12.521
34,53,Dammam,FullTime,39.036,946.88,19.627
35,52,Dammam,PartTime,17.356,384.729,12.79
36,60,Jeddah,PartTime,18.062,365.265,9.092
37,40,Khobar,FullTime,38.903,588.214,8.575
38,51,Dammam,FullTime,41.445,780.131,6.222
39,42,Dammam,FullTime,38.517,931.59,11.79
40,50,Dammam,FullTime,40.245,908.668,19.145
41,45,Jeddah,PartTime,25.016,233.939,20.427
42,19,Riyadh,PartTime,17.299,406.622,12.006
43,54,Alhasa,FullTime,38.5,911.616,16.278
44,60,Alhasa,PartTime,22.582,401.047,14.45
45,51,Dammam,FullTime,40.841,650.198,11.268
46,45,Khobar,FullTime,39.756,718.972,9.822
47,32,Buqaiq,FullTime,39.055,424.833,9.363
48,40,Dammam,FullTime,40.047,823.166,8.536
49,53,Buqaiq,FullTime,40.854,847.916,23.042
50,26,Jeddah,PartTime,24.184,331.897,12.675
51,55,Khobar,PartTime,19.594,341.606,23.06
52,32,Buqaiq,FullTime,41.368,971.315,7.992
53,47,Dammam,PartTime,24.52,352.512,16.097
54,23,Buqaiq,FullTime,40.965,1330.147,7.284
55,55,Dammam,PartTime,18.414,633.687,9.759
56,43,Dammam,FullTime,39.525,608.03,1.903
57,44,Riyadh,FullTime,40.319,451.207,17.85
58,41,Khobar,FullTime,40.034,1493.117,5.957
59,21,Dammam,FullTime,40.279,588.954,20.31
60,42,Dammam,FullTime,39.734,869.284,6.545
61,50,Dammam,PartTime,16.419,375.161,13.038
62,32,Khobar,FullTime,40.45,675.268,6.211
63,38,Dammam,PartTime,12.845,418.386,8.428
64,55,Dammam,FullTime,40.277,590.813,8.66
65,62,Buqaiq,FullTime,40.093,712.326,6.784
66,42,Dammam,FullTime,16.587,743.174,7.857
67,47,Jubail,FullTime,20.342,488.86,7.189
68,44,Dammam,FullTime,40.174,1741.307,20.618
69,48,Alhasa,FullTime,39.601,846.272,17.174
70,51,Khobar,FullTime,38.599,729.198,19.416
71,65,Dammam,FullTime,38.749,1373.41,7.439
72,21,Dammam,PartTime,13.071,250.957,17.386
73,47,Buqaiq,PartTime,22.071,446.695,16.781
74,38,Dammam,PartTime,18.851,803.74,7.981
75,48,Dammam,FullTime,40.019,686.51,22.429
76,43,Alhasa,FullTime,39.586,574.351,14.197
77,51,Dammam,FullTime,39.19,781.958,5.79
78,42,Riyadh,PartTime,40.08,496.282,6.018
79,18,Alhasa,PartTime,20.076,593.741,8.198
80,34,Dammam,FullTime,40.91,1308.488,14.718
81,36,Dammam,PartTime,22.733,288.987,9.307
82,52,Alhasa,PartTime,21.189,780.655,15.613
83,37,Dammam,PartTime,16.56,279.095,12.179
84,29,Dammam,FullTime,38.986,891.287,11.148
85,34,Dammam,PartTime,19.074,799.993,17.246
86,50,Dammam,PartTime,16.188,447.89,15.362
87,42,Dammam,PartTime,17.634,229.514,9.449
88,57,Alhasa,PartTime,18.615,398.441,10.72
89,39,Dammam,FullTime,39.779,634.407,9.077
90,51,Buqaiq,FullTime,40.135,1034.159,12.255
91,38,Khobar,FullTime,40.204,787.993,20.708
92,56,Jubail,PartTime,16.281,330.359,6.627
93,39,Khobar,FullTime,38.63,692.369,12.7
94,59,Dammam,FullTime,41.496,1546.602,14.32
95,65,Jeddah,FullTime,41.627,577.87,6.848
96,41,Khobar,PartTime,15.874,612.691,20.592
97,39,Khobar,FullTime,38.774,959.392,10.46
98,30,Dammam,FullTime,39.377,956.891,17.589
99,44,Dammam,PartTime,18.318,384.492,10.914
100,50,Dammam,FullTime,40.306,786.985,7.615
101,40,Dammam,FullTime,40.946,792.092,4.406
102,57,Riyadh,PartTime,39.692,406.217,10.636
103,45,Riyadh,PartTime,14.819,326.429,20.222
104,49,Dammam,PartTime,13.954,450.867,10.473
105,54,Dammam,FullTime,40.959,788.634,9.825
106,53,Jubail,FullTime,16.303,486.34,9.614
107,50,Dammam,FullTime,41.07,1534.591,8.697
108,48,Dammam,FullTime,40.965,459.106,8.864
109,39,Buqaiq,PartTime,16.538,499.1,10.542
110,41,Jubail,FullTime,17.697,446.842,9.678
111,55,Dammam,FullTime,40.16,714.286,16.21
112,52,Dammam,FullTime,40.448,770.814,8.515
113,45,Dammam,PartTime,13.505,241.328,15.606
114,34,Dammam,FullTime,39.375,643.414,6.684
115,41,Dammam,FullTime,39.277,740.781,5.6
116,31,Dammam,FullTime,39.064,619.951,21.555
117,46,Alhasa,PartTime,22.821,557.69,15.767
118,41,Buqaiq,FullTime,40.327,745.959,4.646
119,35,Dammam,FullTime,41.316,557.438,13.21
120,41,Dammam,PartTime,18.072,810.47,11.019
121,27,Jubail,FullTime,41.015,935.914,5.596
122,57,Alhasa,FullTime,39.76,891.936,5.858
123,32,Jubail,FullTime,39.784,1192.08,10.241
124,27,Dammam,FullTime,40.582,884.065,11.353
125,63,Buqaiq,FullTime,15.024,697.323,32.934
126,48,Dammam,FullTime,39.212,369.053,5.042
127,59,Dammam,FullTime,39.871,721.222,9.739
128,18,Dammam,FullTime,38.878,972.821,15.009
129,55,Riyadh,PartTime,17.811,903.643,13.008
130,62,Dammam,PartTime,15.659,479.979,7.976
131,44,Jeddah,PartTime,20.669,409.687,11.789
132,26,Dammam,FullTime,39.521,653.426,8.606
133,53,Dammam,FullTime,40.949,1303.511,12.402
134,41,Alhasa,FullTime,40.655,511.762,20.737
135,40,Buqaiq,FullTime,39.925,737.831,11.223
136,34,Riyadh,FullTime,37.605,907.82,7.305
137,32,Khobar,FullTime,39.806,764.289,17.128
138,43,Dammam,PartTime,14.912,258.735,9.357
139,40,Dammam,FullTime,39.438,1507.254,12.757
140,45,Khobar,FullTime,41.335,940.511,14.633
141,49,Dammam,FullTime,40.73,741.515,11.529
142,61,Dammam,PartTime,20.176,408.035,6.921
143,41,Buqaiq,PartTime,21.217,404.868,13.871
144,23,Dammam,FullTime,16.676,222.278,9.95
145,48,Alhasa,PartTime,18.333,484.148,7.032
146,36,Dammam,FullTime,41.026,888.799,17.812
147,30,Buqaiq,FullTime,41.624,732.85,18.406
148,27,Buqaiq,PartTime,14.278,1243.216,10.02
149,44,Dammam,PartTime,42.541,942.494,14.008
150,54,Dammam,FullTime,40.422,823.277,8.73
151,39,Dammam,FullTime,38.715,826.082,4.232
152,47,Dammam,FullTime,39.732,1012.65,16.678
153,54,Dammam,PartTime,20.272,532.602,11.735
154,52,Dammam,FullTime,40.552,1158.98,6.26
155,23,Dammam,FullTime,40.54,855.812,5.739
156,41,Khobar,PartTime,20.678,393.89,8.87
157,65,Dammam,FullTime,40.149,787.119,8.351
158,32,Dammam,FullTime,39.664,1131.856,17.471
159,52,Jubail,FullTime,40.221,1005.143,7.908
160,46,Dammam,FullTime,39.48,836.652,14.166
161,38,Dammam,PartTime,39.511,533.856,8.088
162,56,Alhasa,FullTime,39.963,507.333,7.603
163,59,Alhasa,PartTime,26.809,966.486,19.529
164,54,Dammam,FullTime,40.577,399.647,18.502
165,47,Alhasa,FullTime,21.826,517.016,15.497
166,28,Dammam,PartTime,15.934,620.354,9.249
167,51,Jeddah,FullTime,39.747,1985.334,7.046
168,19,Dammam,FullTime,39.628,1043.196,8.764
169,44,Alhasa,FullTime,17.553,616.252,7.982
170,18,Jubail,FullTime,25.216,354.676,27.344
171,21,Alhasa,PartTime,40.934,381.954,22.396
172,28,Khobar,FullTime,39.187,459.821,6.249
173,28,Dammam,PartTime,19.726,447.717,15.049
174,33,Dammam,FullTime,18.416,727.138,9.796
175,45,Dammam,PartTime,14.137,536.959,9.974
176,53,Dammam,FullTime,40.355,743.833,17.225
177,58,Alhasa,PartTime,23.271,435.06,5.545
178,27,Dammam,FullTime,37.769,1118.668,4.549
179,20,Dammam,FullTime,39.421,711.339,7.794
180,33,Jeddah,PartTime,23.68,346.567,8.85
181,41,Dammam,PartTime,20.517,393.175,8.899
182,36,Dammam,PartTime,16.418,292.328,18.844
183,19,Dammam,PartTime,11.998,250.101,11.44
184,35,Dammam,FullTime,38.197,865.897,21.663
185,30,Dammam,FullTime,41.187,910.099,7.101
186,50,Alhasa,FullTime,22.719,674.036,12.999
187,50,Khobar,FullTime,40.403,1014.228,20.935
188,21,Buqaiq,PartTime,15.742,317.394,22.823
189,29,Jeddah,PartTime,16.066,394.395,4.957
190,20,Dammam,FullTime,40.073,801.289,9.108
191,25,Alhasa,PartTime,19.384,340.363,19.685
192,44,Dammam,FullTime,40.352,699.633,7.415
193,52,Khobar,FullTime,40.941,1085.24,18.492
194,53,Dammam,PartTime,15.967,377.951,9.004
195,21,Alhasa,FullTime,40.844,408.304,19.314
196,38,Khobar,PartTime,18.974,681.331,18.547
197,41,Buqaiq,PartTime,39.633,656.62,9.593
198,41,Dammam,FullTime,38.629,1008.641,3.844
199,21,Jubail,PartTime,18.263,674.387,1.755
200,37,Buqaiq,FullTime,24.974,506.986,14.989
201,22,Dammam,FullTime,40.068,669.055,26.289
202,55,Khobar,FullTime,38.215,642.45,3.952
203,44,Dammam,PartTime,15.808,390.216,16.095
204,24,Dammam,FullTime,38.445,685.864,14.21
205,56,Dammam,PartTime,16.761,368.858,12.353
206,61,Dammam,FullTime,40.409,1167.882,8.232
207,38,Alhasa,FullTime,39.291,689.954,11.89
208,23,Dammam,FullTime,38.907,893.516,18.999
209,23,Dammam,FullTime,40.589,914.353,16.806
210,28,Khobar,FullTime,39.865,867.103,5.663
211,19,Dammam,PartTime,19.593,465.935,11.008
212,42,Jubail,PartTime,18.107,254.905,7.255
213,45,Buqaiq,PartTime,15.454,257.45,20.759
214,38,Dammam,FullTime,39.107,1610.963,16.38
215,58,Dammam,FullTime,39.866,906.757,14.773
216,41,Jubail,FullTime,38.571,793.274,6.798
217,45,Riyadh,PartTime,15.975,1204.281,17.006
218,46,Dammam,FullTime,40.995,928.287,13.482
219,58,Dammam,PartTime,23.09,542.271,16.747
220,63,Khobar,FullTime,38.476,862.414,5.499
221,21,Alhasa,PartTime,40.224,753.149,6.806
222,43,Alhasa,PartTime,18.388,662.492,17.834
223,46,Dammam,FullTime,40.132,1406.539,19.194
224,33,Dammam,FullTime,39.437,576.82,7.71
225,52,Dammam,FullTime,40.483,848.131,14.178
226,51,Riyadh,PartTime,20.594,540.011,13.992
227,53,Dammam,FullTime,39.663,955.031,4.691
228,52,Dammam,PartTime,14.365,380.067,18.881
229,32,Dammam,PartTime,18.579,489.074,14.703
230,38,Buqaiq,FullTime,39.99,420.313,4.908
231,37,Dammam,FullTime,39.474,785.928,6.772
232,61,Dammam,FullTime,38.163,1101.749,3.714
233,34,Buqaiq,PartTime,14.881,377.819,22.346
234,68,Dammam,FullTime,38.814,706.852,8.885
235,39,Dammam,FullTime,40.216,1001.674,11.883
236,46,Dammam,FullTime,39.228,892.823,15.505
237,59,Jeddah,PartTime,18.369,414.164,4.857
238,20,Riyadh,PartTime,16.88,332.485,7.056
239,44,Alhasa,PartTime,22.063,435.298,4.365
240,46,Khobar,FullTime,16.513,634.865,10.074
241,64,Dammam,PartTime,13.712,254.481,17.324
242,37,Dammam,PartTime,15.904,454.17,14.568
243,29,Jubail,FullTime,39.722,1086.837,2.664
244,46,Dammam,FullTime,40.719,1024.507,19.562
245,25,Dammam,FullTime,39.198,999.282,10.563
246,32,Jubail,PartTime,16.556,670.213,13.932
247,38,Jubail,PartTime,20.674,380.065,11.673
248,32,Alhasa,FullTime,39.309,971.236,8.264
249,40,Dammam,FullTime,38.979,1279.55,6.491
250,18,Dammam,FullTime,39.272,941.939,10.113
251,50,Jeddah,FullTime,38.876,1459.285,6.441
252,39,Dammam,FullTime,40.94,1235.317,18.77
253,32,Dammam,FullTime,41.32,1156.689,12.201
254,54,Jeddah,PartTime,24.908,546.644,16.12
255,61,Dammam,FullTime,40.095,626.689,5.872
256,47,Dammam,FullTime,38.715,1150.18,9.103
257,57,Dammam,FullTime,40.716,733.708,17.821
258,52,Dammam,FullTime,20.319,1014.61,17.973
259,44,Dammam,PartTime,15.87,242.171,13.026
260,19,Dammam,FullTime,40.381,958.551,10.786
261,39,Dammam,FullTime,17.63,926.337,16.15
262,41,Dammam,PartTime,16.11,413.048,18.184
263,47,Riyadh,FullTime,38.958,1065.647,10.18
264,46,Buqaiq,FullTime,21.99,551.251,11.323
265,38,Dammam,FullTime,41.648,747.784,10.175
266,60,Khobar,FullTime,38.933,1203.517,13.523
267,48,Buqaiq,PartTime,18.529,325.125,18.416
268,62,Khobar,PartTime,14.647,633.902,24.443
269,62,Dammam,FullTime,39.363,754.16,14.985
270,46,Dammam,FullTime,39.164,767.221,14.569
271,56,Dammam,PartTime,20.959,456.08,13.418
272,55,Riyadh,FullTime,21.793,673.464,10.259
273,45,Dammam,PartTime,39.777,1162.407,12.543
274,53,Alhasa,PartTime,17.642,538.628,16.423
275,45,Dammam,FullTime,39.233,670.949,10.068
276,57,Dammam,PartTime,16.382,366.586,17.659
277,47,Khobar,FullTime,38.977,589.705,18.648
278,30,Buqaiq,PartTime,39.434,607.383,8.249
279,30,Dammam,FullTime,38.818,1017.796,6.103
280,43,Buqaiq,PartTime,23.221,668.915,15.91
281,64,Riyadh,PartTime,14.679,425.516,18.213
282,43,Khobar,FullTime,14.72,991.728,7.982
283,39,Dammam,FullTime,38.165,1078.014,23.48
284,52,Dammam,PartTime,14.941,331.694,20.126
285,51,Dammam,FullTime,38.616,713.103,11.51
286,38,Buqaiq,PartTime,20.309,217.937,17.94
287,46,Khobar,FullTime,38.04,1060.189,19.42
288,64,Alhasa,FullTime,39.752,418.244,17.582
289,55,Dammam,PartTime,16.741,294.456,7.159
290,25,Dammam,FullTime,39.971,1241.043,14.529
291,23,Khobar,FullTime,37.919,894.981,14.595
292,40,Khobar,FullTime,17.535,860.362,2.346
293,54,Buqaiq,FullTime,38.746,865.639,9.61
294,52,Khobar,FullTime,39.326,1025.254,8.3
295,59,Dammam,FullTime,40.475,634.63,17.198
296,61,Dammam,FullTime,39.546,651.774,4.99
297,23,Jubail,FullTime,39.349,1013.93,13.863
298,31,Dammam,FullTime,38.3,864.645,11.35
299,23,Dammam,FullTime,22.514,607.35,27.168
300,25,Dammam,PartTime,14.165,268.579,15.12
301,20,Buqaiq,PartTime,15.408,428.231,30.906
302,32,Khobar,FullTime,39.767,647.974,9.738
303,41,Dammam,PartTime,20.925,390.768,16.502
304,18,Dammam,FullTime,38.676,986.301,3.53
305,70,Alhasa,PartTime,20.041,467.779,7.657
306,40,Riyadh,PartTime,17.324,227.139,14.96
307,18,Alhasa,PartTime,41.252,547.296,18.469
308,20,Dammam,FullTime,40.073,565.966,7.243
309,44,Jubail,FullTime,39.436,949.617,4.723
310,68,Dammam,PartTime,21.904,327.742,4.934
311,39,Buqaiq,PartTime,18.367,280.808,12.283
312,18,Dammam,FullTime,41.152,772.181,8.774
313,36,Dammam,FullTime,37.928,874.664,6.049
314,54,Buqaiq,PartTime,25.335,399.703,7.226
315,33,Jeddah,FullTime,39.368,669.068,20.437
316,48,Buqaiq,PartTime,16.314,1149.026,5.148
317,53,Alhasa,PartTime,20.786,358.751,10.922
318,31,Khobar,FullTime,17.077,497.174,12.725
319,47,Dammam,FullTime,39.397,485.465,11.203
320,36,Dammam,FullTime,39.379,891.892,12.706
321,46,Jubail,FullTime,39.095,898.059,16.997
322,41,Dammam,PartTime,18.277,589.494,16.681
323,55,Dammam,PartTime,13.905,558.502,7.749
324,46,Jeddah,PartTime,24.296,520.654,15.664
325,47,Riyadh,PartTime,17.631,1073.21,11.217
326,44,Dammam,FullTime,38.911,841.21,3.297
327,62,Khobar,FullTime,18.005,502.42,17.005
328,36,Jubail,PartTime,21.209,753.426,16.862
329,18,Dammam,FullTime,40.222,719.443,10.877
330,22,Dammam,FullTime,38.829,695.674,15.555
331,56,Dammam,FullTime,39.663,897.446,17.529
332,55,Dammam,PartTime,15.968,313.78,16.824
333,54,Dammam,FullTime,39.625,978.003,8.31
334,61,Khobar,FullTime,40.023,578.464,3.263
335,60,Dammam,FullTime,41.025,1077.569,10.044
336,61,Dammam,PartTime,17.88,465.066,16.653
337,54,Alhasa,PartTime,38.717,282.295,9.995
338,44,Riyadh,FullTime,40.337,793.28,8.917
339,57,Riyadh,FullTime,40.417,611.522,11.514
340,19,Jeddah,FullTime,38.973,689.817,7.8
341,22,Dammam,FullTime,40.013,318.162,6.997
342,43,Dammam,FullTime,39.266,911.696,12.274
343,53,Riyadh,FullTime,38.285,255.844,12.863
344,22,Dammam,FullTime,39.385,761.886,18.719
345,45,Riyadh,FullTime,39.477,1052.661,4.718
346,39,Jeddah,FullTime,41.989,1241.606,13.862
347,25,Khobar,FullTime,38.634,909.109,10.743
348,27,Jubail,PartTime,19.114,847.45,9.15
349,49,Dammam,FullTime,26.667,313.368,35.319
350,50,Dammam,PartTime,16.745,367.006,19.443
351,33,Jeddah,FullTime,39.871,775.587,6.489
352,54,Dammam,PartTime,38.917,382.6,24.402
353,46,Dammam,PartTime,19.117,675.81,19.711
354,18,Riyadh,PartTime,16.843,855.425,12.005
355,52,Dammam,PartTime,13.323,291.128,17.42
356,51,Khobar,FullTime,40.049,669.624,10.019
357,66,Dammam,PartTime,20.429,446.199,9.231
358,39,Khobar,FullTime,39.281,950.917,19.623
359,60,Dammam,FullTime,40.583,585.516,16.317
360,54,Dammam,PartTime,12.139,383.679,12.531
361,47,Dammam,PartTime,16.994,345.949,5.006
362,31,Alhasa,FullTime,39.642,825.845,16.534
363,61,Dammam,PartTime,14.125,362.557,18.677
364,44,Dammam,FullTime,39.773,1292.01,9.455
365,50,Buqaiq,PartTime,16.448,491.556,11.74
366,46,Jubail,PartTime,40.99,731.506,18.932
367,58,Dammam,FullTime,39.629,1055.516,5.78
368,59,Dammam,PartTime,17.685,334.33,10.829
369,50,Dammam,FullTime,40.513,583.157,7.899
370,40,Dammam,PartTime,15.833,309.861,6.704
371,46,Riyadh,PartTime,17.54,737.114,13.451
372,34,Jubail,FullTime,22.809,675.263,9.551
373,46,Jubail,FullTime,39.491,480.838,6.268
374,58,Jeddah,PartTime,21.841,460.268,22.269
375,62,Dammam,PartTime,14.898,265.912,18.568
376,19,Khobar,PartTime,13.27,405.968,7.559
377,47,Jeddah,PartTime,40.054,839.769,17.59
378,62,Dammam,PartTime,17.969,364.432,14.768
379,49,Dammam,PartTime,17.676,372.324,8.234
380,41,Dammam,PartTime,19.186,420.754,9.561
381,41,Jeddah,FullTime,20.484,443.885,11.468
382,36,Dammam,FullTime,39.671,567.189,14.987
383,40,Dammam,FullTime,39.608,819.036,16.941
384,19,Dammam,FullTime,39.628,770.42,18.887
385,51,Alhasa,PartTime,39.828,737.702,16.202
386,37,Jubail,FullTime,39.109,709.042,15.373
387,62,Khobar,PartTime,22.305,185.235,24.217
388,62,Jeddah,FullTime,42.228,1068.743,6.713
389,43,Dammam,FullTime,40.264,961.75,11.033
390,66,Dammam,FullTime,39.236,744.68,2.16
391,41,Dammam,PartTime,21.617,288.61,23.744
392,61,Dammam,FullTime,40.072,1432.904,17.814
393,51,Alhasa,PartTime,14.863,566.401,17.006
394,45,Jeddah,FullTime,40.498,507.689,17.331
395,51,Khobar,FullTime,14.515,987.671,5.112
396,53,Dammam,PartTime,16.696,366.949,12.755
397,23,Buqaiq,PartTime,17.602,235.818,6.713
398,28,Alhasa,PartTime,39.909,520.136,6.919
399,25,Dammam,FullTime,39.732,1280.668,9.361
400,52,Buqaiq,PartTime,22.825,313.81,8.717
401,46,Khobar,PartTime,21.382,345.874,10.037
402,57,Dammam,FullTime,38.403,734.6,10.336
403,40,Dammam,FullTime,38.873,901.543,10.633
404,53,Dammam,PartTime,15.519,300.724,5.492
405,46,Dammam,FullTime,39.826,715.958,4.952
406,42,Dammam,PartTime,13.369,371.357,16.67
407,23,Dammam,FullTime,39.097,710.868,18.228
408,44,Dammam,FullTime,38.841,669.864,8.249
409,19,Dammam,FullTime,39.994,663.341,12.733
410,62,Dammam,FullTime,38.179,717.823,22.104
411,58,Alhasa,PartTime,17.214,262.443,11.263
412,58,Dammam,FullTime,39.495,910.78,13.954
413,44,Dammam,FullTime,40.074,923.057,4.711
414,58,Dammam,PartTime,13.268,343.274,10.977
415,24,Alhasa,FullTime,39.93,481.805,10.189
416,18,Dammam,PartTime,19.041,314.886,8.849
417,65,Dammam,FullTime,39.525,1023.631,19.157
418,47,Jubail,FullTime,39.339,480.179,6.267
419,28,Riyadh,PartTime,14.816,635.11,9.304
420,51,Riyadh,PartTime,24.697,233.078,17.101
421,57,Riyadh,PartTime,21.78,759.152,9.395
422,42,Buqaiq,PartTime,21.719,296.193,4.773
423,43,Dammam,FullTime,41.03,995.409,19.837
424,55,Dammam,PartTime,17.593,337.208,8.434
425,27,Dammam,PartTime,15.353,339.133,13.2
426,52,Riyadh,PartTime,40.05,465.566,11.925
427,47,Khobar,FullTime,40.742,768.617,8.333
428,67,Dammam,FullTime,41.511,611.552,22.795
429,46,Dammam,FullTime,38.94,996.318,3.707
430,64,Khobar,FullTime,39.64,575.396,16.001
431,38,Dammam,FullTime,40.151,1213.014,14.854
432,20,Dammam,FullTime,38.395,727.603,11.173
433,52,Riyadh,PartTime,15.637,163.679,15.574
434,65,Dammam,FullTime,40.964,1000.433,9.401
435,22,Jubail,FullTime,39.121,722.128,12.429
436,44,Buqaiq,FullTime,40.392,698.997,8.263
437,33,Dammam,FullTime,38.893,748.899,15.05
438,47,Jubail,PartTime,40.374,681.892,11.651
439,19,Buqaiq,PartTime,19.873,465.309,20.217
440,35,Buqaiq,PartTime,18.62,215.888,22.648
441,28,Dammam,FullTime,39.419,569.643,14.396
442,38,Dammam,FullTime,39.765,1185.24,6.386
443,41,Dammam,FullTime,39.974,719.877,13.832
444,54,Dammam,FullTime,40.177,803.253,12.666
445,43,Riyadh,FullTime,39.348,634.366,12.814
446,31,Jubail,PartTime,17.981,723.298,4.237
447,59,Dammam,PartTime,13.483,459.306,5.067
448,23,Riyadh,FullTime,38.895,532.581,15.132
449,43,Khobar,FullTime,41.11,569.452,14.803
450,62,Dammam,PartTime,19.207,644.969,17.5
451,57,Buqaiq,PartTime,17.457,776.985,3.314
452,31,Dammam,FullTime,39.769,404.558,22.175
453,28,Jubail,FullTime,38.6,970.895,5.481
454,23,Buqaiq,PartTime,17.832,466.523,7.525
455,45,Dammam,FullTime,40.559,887.812,4.366
456,39,Dammam,FullTime,39.871,416.725,22.18
457,36,Dammam,PartTime,17.656,354.565,18.861
458,56,Dammam,FullTime,37.83,1407.122,13.568
459,48,Jubail,FullTime,14.109,564.021,14.591
460,43,Khobar,FullTime,39.385,1545.93,14.876
461,39,Dammam,PartTime,19.237,208.783,21.454
462,52,Khobar,FullTime,41.658,886.994,8.67
463,33,Dammam,PartTime,20.367,1007.492,7.027
464,42,Buqaiq,PartTime,17.714,703.243,13.699
465,52,Dammam,FullTime,40.255,957.509,14.697
466,40,Jeddah,FullTime,42.295,497.455,13.614
467,64,Khobar,FullTime,39.946,792.942,4.224
468,58,Jubail,PartTime,19.885,502.83,6.162
469,65,Riyadh,FullTime,39.904,866.564,6.947
470,59,Dammam,PartTime,20.937,428.426,12.686
471,50,Alhasa,PartTime,18.361,301.324,15.646
472,65,Alhasa,PartTime,22.095,416.36,13.472
473,55,Dammam,FullTime,40.705,407.072,6.973
474,33,Dammam,FullTime,39.741,1126.227,5.174
475,37,Dammam,PartTime,23.071,264.905,13.162
476,46,Khobar,FullTime,38.833,741.879,4.907
477,39,Dammam,PartTime,14.764,193.575,6.391
478,37,Riyadh,FullTime,19.065,539.761,6.748
479,42,Jeddah,FullTime,39.834,588.53,8.531
480,33,Buqaiq,PartTime,20.634,617.209,13.216
481,35,Jubail,FullTime,37.741,1121.231,5.759
482,44,Dammam,FullTime,40.681,671.765,18.002
483,51,Khobar,FullTime,41.011,702.441,10.895
484,21,Dammam,FullTime,38.818,1539.601,7.759
485,40,Dammam,FullTime,38.926,670.432,12.315
486,44,Dammam,PartTime,19.883,260.265,10.487
487,27,Buqaiq,FullTime,38.206,814.638,14.199
488,48,Jeddah,PartTime,39.374,293.385,14.84
489,37,Buqaiq,FullTime,42.812,644.415,9.226
490,48,Dammam,PartTime,38.724,868.337,12.148
491,52,Dammam,FullTime,39.554,881.056,4.483
492,33,Khobar,FullTime,41.439,828.168,4.525
493,51,Jeddah,PartTime,42.786,689.711,18.742
494,38,Dammam,FullTime,39.473,637.501,26.785
495,50,Dammam,FullTime,42.4,533.077,17.657
496,25,Dammam,FullTime,38.315,911.759,5.447
497,20,Jubail,FullTime,17.045,627.792,8.38
498,40,Dammam,FullTime,39.444,993.724,15.959
499,42,Dammam,FullTime,40.126,1187.845,3.93
500,46,Dammam,FullTime,40.398,869.446,14.133
501,49,Dammam,FullTime,38.183,708.838,4.584
502,53,Alhasa,PartTime,17.547,413.901,12.646
503,36,Dammam,FullTime,39.656,991.129,11.866
504,48,Dammam,FullTime,39.17,825.987,12.686
505,30,Jeddah,FullTime,39.744,795.069,8.991
506,22,Riyadh,FullTime,38.209,763.25,11.18
507,42,Dammam,FullTime,16.135,345.725,17.271
508,32,Riyadh,PartTime,41.077,463.861,8.502
509,57,Dammam,PartTime,21.923,763.126,15.105
510,55,Dammam,PartTime,14.549,340.108,22.514
511,39,Buqaiq,FullTime,40.365,909.097,31.532
512,26,Dammam,PartTime,20.207,344.152,5.214
513,56,Dammam,FullTime,22.347,397.873,24.895
514,22,Khobar,FullTime,39.005,743.327,3.683
515,31,Dammam,FullTime,41.28,564.666,7.548
516,20,Dammam,FullTime,39.259,987.253,12.308
517,32,Dammam,PartTime,17.949,673.642,7.208
518,43,Dammam,FullTime,40.783,529.708,9.078
519,53,Dammam,FullTime,40.617,873.962,7.206
520,50,Dammam,PartTime,40.698,575.34,21.708
521,39,Dammam,PartTime,22.882,479.703,5.309
522,62,Buqaiq,PartTime,39.605,342.082,11.433
523,52,Dammam,FullTime,38.52,687.845,6.822
524,52,Khobar,FullTime,39.801,841.677,12.183
525,53,Dammam,FullTime,39.089,854.5,8.144
526,46,Khobar,FullTime,41.506,852.917,14.964
527,64,Dammam,FullTime,39.8,909.117,16.769
528,54,Dammam,PartTime,19.519,575.48,10.163
529,38,Dammam,FullTime,39.602,457.701,9.271
530,34,Dammam,FullTime,38.81,932.408,16.017
531,53,Riyadh,FullTime,41.413,294.529,17.67
532,56,Buqaiq,FullTime,21.353,241.33,5.121
533,42,Jeddah,FullTime,39.294,803.454,11.118
534,59,Buqaiq,PartTime,19.505,331.566,17.813
535,63,Dammam,FullTime,39.652,628.172,13.432
536,47,Dammam,FullTime,39.451,683.37,11.789
537,47,Jubail,FullTime,22.761,582.711,21.805
538,43,Khobar,FullTime,38.343,965.45,17.407
539,49,Dammam,FullTime,39.185,697.848,12.828
540,46,Dammam,FullTime,38.442,617.917,17.542
541,30,Jubail,FullTime,39.696,730.08,24.486
542,43,Buqaiq,FullTime,38.478,997.104,9.046
543,39,Buqaiq,PartTime,16.434,593.853,9.681
544,52,Alhasa,FullTime,39.735,908.585,4.569
545,50,Alhasa,FullTime,39.457,852.465,6.186
546,62,Dammam,PartTime,16.479,332.101,11.449
547,38,Dammam,PartTime,20.422,526.292,15.478
548,43,Buqaiq,PartTime,21.26,1095.875,12.863
549,40,Jeddah,FullTime,39.603,874.709,8.61
550,38,Dammam,FullTime,41.631,699.343,12.519
551,45,Dammam,FullTime,38.752,754.906,20.262
552,56,Alhasa,FullTime,15.993,981.833,15.961
553,34,Buqaiq,FullTime,39.874,1021.986,18.58
554,51,Buqaiq,FullTime,38.917,653.513,8.69
555,51,Dammam,PartTime,15.847,308.257,8.513
556,55,Alhasa,FullTime,40.13,1581.71,7.442
557,26,Dammam,FullTime,37.774,884.128,3.614
558,42,Jeddah,FullTime,41.382,876.538,14.634
559,50,Dammam,FullTime,40.992,311.909,11.537
560,31,Buqaiq,FullTime,40.492,657.997,11.808
561,56,Khobar,FullTime,24.193,477.039,5.098
562,21,Jubail,FullTime,40.863,457.446,6.557
563,58,Dammam,FullTime,40.112,833.963,11.652
564,46,Jeddah,FullTime,40.122,495.947,2.145
565,64,Buqaiq,PartTime,18.845,410.701,14.541
566,44,Dammam,FullTime,39.898,466.286,7.012
567,18,Dammam,FullTime,37.685,1178.084,17.787
568,37,Dammam,FullTime,37.809,1054.836,8.584
569,59,Alhasa,FullTime,39.134,1018.026,6.799
570,48,Khobar,FullTime,40.326,547.082,8.265
571,49,Dammam,FullTime,39.58,840.34,11.012
572,55,Buqaiq,PartTime,14.425,413.058,9.394
573,30,Dammam,FullTime,20.671,933.318,8.803
574,21,Dammam,FullTime,39.603,505.491,15.194
575,57,Dammam,PartTime,10.98,609.577,20.263
576,42,Dammam,PartTime,21.423,226.283,16.393
577,54,Dammam,PartTime,22.791,327.367,6.401
578,39,Dammam,FullTime,40.218,994.821,6.587
579,42,Dammam,FullTime,38.565,1319.545,4.698
580,59,Dammam,PartTime,18.748,363.257,9.89
581,39,Dammam,PartTime,16.114,378.056,22.147
582,51,Buqaiq,FullTime,41.454,999.664,14.156
583,50,Buqaiq,PartTime,15.774,840.682,12.512
584,23,Dammam,FullTime,38.923,1041.663,12.479
585,34,Jubail,FullTime,15.781,483.49,15.64
586,54,Dammam,PartTime,19.301,316.663,20.979
587,45,Dammam,FullTime,41.024,912.018,19.113
588,60,Khobar,FullTime,39.451,1121.882,8.914
589,44,Dammam,PartTime,13.294,471.453,26.561
590,41,Dammam,PartTime,18.768,563.237,12.86
591,29,Khobar,FullTime,38.417,815.485,5.851
592,57,Dammam,FullTime,39.891,630.504,5.865
593,39,Khobar,FullTime,39.295,853.914,8.288
594,33,Dammam,FullTime,39.932,924.272,11.76
595,41,Riyadh,FullTime,39.978,807.066,11.951
596,45,Dammam,PartTime,16.364,237.665,6.92
597,21,Dammam,FullTime,38.843,927.411,6.682
598,44,Dammam,PartTime,23.388,503.94,12.142
599,57,Khobar,FullTime,38.484,557.906,8.219
600,47,Jeddah,FullTime,41.124,974.063,4.145
601,38,Jubail,FullTime,13.29,1101.059,4.323
602,50,Dammam,PartTime,20.534,506.528,18.151
603,52,Dammam,FullTime,40.23,769.413,11.679
604,50,Dammam,FullTime,38.969,818.42,10.467
605,55,Alhasa,PartTime,39.933,555.942,11.546
606,23,Khobar,FullTime,39.989,998.909,18.512
607,33,Dammam,FullTime,41.187,545.067,24.419
608,38,Buqaiq,FullTime,39.236,564.395,11.834
609,47,Dammam,PartTime,22.078,169.034,21.004
610,27,Dammam,PartTime,15.819,301.363,11.484
611,43,Riyadh,PartTime,15.65,244.567,22.656
612,48,Khobar,FullTime,38.719,1070.1,4.412
613,23,Khobar,FullTime,40.479,559.824,14.105
614,42,Alhasa,FullTime,40.236,962.488,6.967
615,54,Dammam,PartTime,11.746,235.599,7.785
616,53,Dammam,FullTime,40.08,933.966,7.008
617,52,Buqaiq,PartTime,17.763,448.303,13.999
618,60,Alhasa,PartTime,18.422,339.415,19.073
619,24,Riyadh,FullTime,39.501,778.656,18.432
620,59,Khobar,FullTime,39.063,644.653,11.084
621,51,Riyadh,FullTime,38.167,393.078,3.284
622,34,Dammam,PartTime,14.457,343.941,13.555
623,29,Dammam,PartTime,20.925,432.756,9.82
624,53,Alhasa,PartTime,22.501,642.472,5.215
625,61,Dammam,FullTime,40.949,955.44,6.712
626,37,Jubail,FullTime,39.349,590.262,14.828
627,44,Dammam,PartTime,13.385,530.504,12.099
628,26,Alhasa,FullTime,39.916,412.673,4.019
629,27,Dammam,FullTime,39.709,718.437,9.688
630,50,Khobar,PartTime,19.678,570.191,11.62
631,60,Dammam,PartTime,20.64,271.156,6.855
632,61,Dammam,PartTime,21.504,275.418,12.447
633,52,Riyadh,PartTime,14.842,377.806,7.959
634,62,Khobar,FullTime,16.073,597.2,13.949
635,23,Jeddah,FullTime,17.527,630.396,15.264
636,45,Khobar,FullTime,21.839,486.314,7.527
637,43,Dammam,FullTime,38.26,434.941,6.602
638,40,Alhasa,FullTime,38.646,1379.067,16.661
639,51,Dammam,FullTime,38.498,1127.358,7.363
640,58,Dammam,FullTime,38.994,570.983,19.677
641,26,Jeddah,FullTime,39.94,430.779,12.283
642,39,Dammam,FullTime,38.713,1065.488,20.074
643,48,Dammam,PartTime,21.654,419.902,14.143
644,18,Jubail,PartTime,40.366,572.339,12.064
645,24,Dammam,FullTime,39.711,892.256,19.655
646,58,Dammam,FullTime,40.244,852.689,20.429
647,42,Dammam,FullTime,39.86,794.383,22.125
648,67,Alhasa,PartTime,22.314,500.214,14.125
649,51,Khobar,FullTime,39.915,2128.167,4.973
650,35,Riyadh,PartTime,15.168,664.054,18.779
651,49,Dammam,PartTime,14.971,316.835,19.412
652,57,Jubail,FullTime,40.264,671.594,5.362
653,30,Dammam,FullTime,39.13,682.155,5.651
654,52,Dammam,FullTime,39.669,1173.24,7.296
655,23,Khobar,PartTime,40.195,529.591,11.712
656,66,Alhasa,PartTime,16.432,398.712,4.884
657,56,Khobar,FullTime,39.637,803.256,3.98
658,41,Dammam,FullTime,39.644,875.374,3.997
659,35,Dammam,PartTime,15.24,280.576,6.27
660,54,Dammam,FullTime,40.305,1081.978,14.834
661,49,Dammam,PartTime,22.053,391.227,12.649
662,52,Jeddah,FullTime,23.818,592.874,15.553
663,29,Dammam,PartTime,24.422,476.856,27.791
664,39,Jubail,FullTime,40.298,1074.612,16.57
665,41,Buqaiq,PartTime,15.337,344.902,13.759
666,52,Khobar,FullTime,39.033,1347.35,11.237
667,59,Dammam,FullTime,40.669,507.975,15.237
668,40,Alhasa,PartTime,18.445,413.052,8.224
669,25,Dammam,PartTime,18.615,411.671,16.368
670,37,Dammam,FullTime,38.608,1250.186,13.933
671,33,Jeddah,FullTime,40.13,828.183,14.209
672,59,Dammam,PartTime,17.488,314.296,6.143
673,46,Dammam,PartTime,20.048,313.811,5.448
674,49,Khobar,FullTime,17.515,742.779,4.321
675,37,Jeddah,FullTime,21.973,670.955,9.272
676,40,Dammam,FullTime,38.254,1056.451,11.601
677,23,Alhasa,FullTime,39.797,804.114,6.692
678,50,Dammam,FullTime,41.258,1732.625,8.547
679,50,Dammam,PartTime,18.591,305.017,10.045
680,51,Khobar,FullTime,19.972,897.094,4.849
681,50,Khobar,FullTime,39.301,765.338,4.901
682,39,Dammam,PartTime,19.7,435.421,9.078
683,51,Dammam,FullTime,38.899,924.942,10.786
684,51,Khobar,FullTime,38.805,643.114,4.371
685,48,Dammam,PartTime,19.915,330.455,4.521
686,35,Dammam,FullTime,40.555,1194.596,15.257
687,55,Alhasa,FullTime,40.696,764.256,9.775
688,37,Dammam,PartTime,15.532,236.647,16.42
689,54,Dammam,FullTime,40.042,884.681,19.402
690,37,Dammam,FullTime,39.292,994.451,1.755
691,41,Khobar,FullTime,38.728,768.066,8.107
692,34,Dammam,PartTime,17.75,291.015,22.312
693,28,Khobar,FullTime,39.292,836.667,12.817
694,46,Dammam,PartTime,22.848,536.641,10.763
695,51,Buqaiq,FullTime,41.122,483.888,9.256
696,52,Dammam,PartTime,20.875,339.592,20.69
697,51,Dammam,FullTime,18.348,446.743,19.751
698,59,Dammam,FullTime,38.634,1019.213,6.735
699,40,Riyadh,FullTime,21.919,850.574,27.513
700,46,Jubail,FullTime,38.813,766.805,6.664
701,40,Alhasa,FullTime,39.378,941.185,14.122
702,32,Jubail,FullTime,39.211,1015.018,17.47
703,22,Alhasa,FullTime,20.871,484.966,2.225
704,32,Dammam,FullTime,40.565,912.841,4.333
705,42,Alhasa,PartTime,17.412,189.631,27.173
706,29,Riyadh,FullTime,41.73,986.619,6.658
707,45,Dammam,PartTime,22.718,308.09,6.525
708,48,Dammam,FullTime,40.096,808.585,7.4
709,58,Alhasa,FullTime,40.176,753.302,8.467
710,30,Dammam,PartTime,23.632,275.304,7.932
711,19,Alhasa,PartTime,16.623,487.734,5.141
712,54,Riyadh,FullTime,40.988,804.191,15.134
713,37,Riyadh,PartTime,17.777,440.039,9.927
714,64,Khobar,FullTime,38.568,1821.541,9.764
715,54,Dammam,PartTime,15.224,236.066,7.47
716,63,Jeddah,PartTime,21.446,630.255,14.564
717,55,Dammam,FullTime,21.967,703.681,17.883
718,30,Jeddah,FullTime,40.964,477.11,20.668
719,66,Dammam,FullTime,39.986,761.243,7.902
720,63,Dammam,PartTime,22.046,459.071,5.856
721,38,Buqaiq,PartTime,18.961,652.784,19.731
722,55,Dammam,FullTime,40.234,1472.963,7.202
723,57,Jeddah,FullTime,41.876,983.458,18.204
724,41,Dammam,PartTime,19.18,243.262,8.292
725,22,Riyadh,PartTime,21.45,512.552,11.876
726,36,Jeddah,PartTime,17.058,417.215,8.437
727,43,Dammam,FullTime,41.24,862.65,5.49
728,32,Dammam,PartTime,22.068,492.899,9.008
729,49,Dammam,FullTime,40.447,745.837,9.105
730,32,Dammam,FullTime,38.925,882.341,11.951
731,59,Dammam,PartTime,19.159,463.001,13.886
732,26,Alhasa,FullTime,38.828,711.385,25.49
733,58,Dammam,PartTime,16.466,572.851,22.03
734,18,Jubail,PartTime,40.369,789.962,5.316
735,63,Dammam,FullTime,38.583,936.124,15.939
736,35,Khobar,FullTime,39.357,892.503,8.027
737,53,Alhasa,FullTime,41.823,697.19,10.718
738,49,Jubail,PartTime,21.457,265.306,21.034
739,42,Dammam,FullTime,40.067,430.567,6.728
740,45,Khobar,FullTime,38.51,952.045,11.698
741,25,Dammam,FullTime,39.682,971.645,11.166
742,50,Dammam,PartTime,26.372,389.479,11.213
743,58,Jubail,FullTime,38.946,625.462,11.64
744,34,Dammam,FullTime,39.759,610.469,8.412
745,35,Dammam,PartTime,15.88,396.272,4.409
746,25,Jeddah,FullTime,41.64,746.927,8.126
747,62,Dammam,PartTime,37.753,537.268,13.864
748,55,Jeddah,FullTime,39.783,1516.853,14.518
749,48,Dammam,FullTime,38.944,721.84,12.354
750,39,Buqaiq,FullTime,37.752,663.372,4.379
751,31,Khobar,FullTime,40.11,788.161,9.003
752,30,Riyadh,FullTime,39.757,757.475,17.314
753,47,Alhasa,FullTime,40.86,424.036,14.141
754,53,Dammam,PartTime,21.701,218.058,18.414
755,50,Jeddah,FullTime,40.957,782.768,15.191
756,28,Dammam,FullTime,39.868,1327.17,10.864
757,19,Alhasa,PartTime,20.516,443.375,7.348
758,48,Dammam,FullTime,38.99,1114.606,6.742
759,54,Dammam,FullTime,39.531,812.592,16.087
760,62,Dammam,PartTime,16.701,299.134,23.135
761,61,Dammam,PartTime,13.867,360.56,5.501
762,38,Dammam,PartTime,17.753,526.018,22.298
763,58,Dammam,PartTime,21.929,550.527,19.363
764,42,Dammam,PartTime,18.784,325.913,12.321
765,41,Alhasa,FullTime,19.619,431.18,5.335
766,37,Jeddah,PartTime,26.172,370.197,9.304
767,40,Dammam,PartTime,16.485,216.946,18.659
768,42,Buqaiq,FullTime,26.071,476.245,14.402
769,56,Dammam,PartTime,20.222,355.236,20.397
770,37,Dammam,FullTime,41.419,791.081,21.653
771,52,Dammam,FullTime,38.148,632.207,11.117
772,51,Alhasa,FullTime,39.581,586.122,7.23
773,42,Dammam,FullTime,40.879,1171.809,16.897
774,18,Dammam,FullTime,38.636,958.082,9.804
775,49,Dammam,FullTime,38.26,1318.384,10.381
776,58,Alhasa,FullTime,18.943,401.033,6.19
777,36,Dammam,PartTime,14.821,485.126,19.381
778,58,Buqaiq,PartTime,18.766,360.913,5.679
779,40,Dammam,PartTime,18.84,348.638,19.426
780,37,Dammam,PartTime,13.965,389.1,18.988
781,35,Dammam,FullTime,39.305,486.523,19.0
782,36,Alhasa,FullTime,39.949,592.841,15.632
783,45,Dammam,FullTime,41.001,682.796,22.238
784,62,Alhasa,FullTime,40.259,1006.389,9.739
785,63,Dammam,FullTime,40.294,462.64,18.458
786,50,Alhasa,PartTime,24.666,306.255,17.165
787,20,Dammam,FullTime,39.802,1312.956,2.784
788,53,Dammam,FullTime,40.104,529.549,22.483
789,18,Dammam,FullTime,38.462,989.816,15.764
790,56,Khobar,FullTime,39.722,846.112,2.003
791,59,Dammam,FullTime,39.261,833.864,10.135
792,41,Dammam,FullTime,38.033,890.455,16.783
793,59,Dammam,FullTime,41.396,1200.306,19.196
794,27,Dammam,FullTime,37.748,930.552,3.444
795,35,Khobar,FullTime,39.306,852.42,8.034
796,56,Khobar,FullTime,39.482,962.6,5.633
797,32,Dammam,FullTime,41.571,1123.118,18.354
798,24,Dammam,FullTime,40.437,1145.176,7.331
799,39,Alhasa,FullTime,39.688,586.786,8.399
