,Reason for absence,Month of absence,Day of the week,Seasons,Transportation expense,Distance from Residence to Work,Service time,Age,Work load Average/day ,Hit target,Disciplinary failure,Education,Son,Social drinker,Social smoker,Pet,Weight,Height,Body mass index,Absenteeism time in hours
0,reason_27,month_10,day_2,season_1,388,8,29,39,205.917,84,0,education_3,son_4,0,0,pet_0,93,163,24,41
1,reason_27,month_10,day_5,season_2,180,28,9,27,205.917,100,0,education_1,son_2,1,0,pet_0,56,163,21,0
2,reason_8,month_2,day_2,season_2,354,15,29,41,378.884,93,1,education_1,son_0,0,0,pet_0,59,163,28,0
3,reason_15,month_0,day_2,season_3,265,5,15,46,250.392,97,0,education_3,son_0,1,0,pet_0,56,163,19,0
4,reason_21,month_3,day_6,season_4,118,22,29,58,269.136,100,0,education_1,son_1,1,0,pet_2,73,185,25,0
5,reason_1,month_4,day_6,season_4,168,52,5,47,212.437,81,0,education_1,son_2,0,0,pet_0,79,174,34,14
6,reason_21,month_3,day_2,season_4,118,5,10,27,205.917,100,0,education_1,son_1,1,0,pet_0,93,187,24,28
7,reason_0,month_0,day_2,season_3,308,21,28,58,316.595,82,0,education_3,son_3,0,0,pet_5,97,163,19,0
8,reason_28,month_5,day_2,season_3,291,24,17,58,292.047,100,0,education_4,son_0,0,1,pet_0,56,176,38,32
9,reason_28,month_11,day_2,season_1,118,47,1,27,378.884,97,0,education_1,son_1,0,1,pet_8,96,181,24,120
10,reason_24,month_2,day_2,season_4,388,52,1,30,205.917,83,0,education_1,son_0,0,1,pet_1,108,163,34,27
11,reason_25,month_3,day_4,season_1,118,50,1,31,313.457,81,0,education_1,son_2,1,1,pet_1,60,167,19,41
12,reason_17,month_10,day_2,season_1,308,39,1,27,321.274,87,0,education_3,son_4,1,0,pet_0,81,163,25,0
13,reason_12,month_11,day_2,season_1,216,25,1,27,257.269,100,0,education_3,son_0,1,0,pet_0,56,163,22,47
14,reason_13,month_0,day_2,season_2,174,7,1,27,378.884,100,0,education_4,son_1,1,0,pet_0,108,169,28,0
15,reason_4,month_11,day_5,season_3,350,52,1,27,308.783,92,0,education_2,son_1,1,0,pet_2,56,163,19,30
16,reason_10,month_11,day_2,season_3,190,31,15,35,378.884,86,0,education_3,son_1,1,0,pet_0,93,174,19,0
17,reason_13,month_2,day_2,season_1,118,5,1,27,254.73,84,1,education_1,son_1,0,0,pet_0,108,178,38,100
18,reason_17,month_0,day_2,season_3,138,26,29,58,314.532,91,0,education_2,son_4,0,0,pet_1,84,196,19,0
19,reason_18,month_0,day_2,season_2,212,5,8,49,308.27,98,0,education_4,son_3,1,0,pet_0,63,176,34,0
20,reason_23,month_0,day_2,season_1,211,31,11,27,233.99,86,0,education_2,son_0,1,0,pet_1,89,163,24,61
21,reason_11,month_2,day_2,season_1,121,28,1,33,206.607,81,0,education_3,son_0,0,0,pet_0,103,195,38,0
22,reason_14,month_9,day_4,season_1,118,45,28,37,205.917,96,0,education_1,son_2,0,0,pet_0,56,163,26,27
23,reason_23,month_0,day_2,season_1,128,43,18,27,322.581,81,0,education_2,son_0,1,0,pet_0,108,175,22,3
24,reason_12,month_2,day_3,season_1,282,51,23,39,205.917,81,0,education_1,son_2,0,1,pet_1,59,163,32,37
25,reason_12,month_8,day_2,season_3,118,5,29,40,284.516,97,1,education_4,son_4,0,1,pet_0,75,174,21,0
26,reason_11,month_8,day_2,season_4,388,52,19,27,221.04,81,1,education_1,son_4,0,1,pet_0,82,163,19,0
27,reason_13,month_0,day_6,season_1,281,47,29,58,378.884,87,0,education_3,son_2,1,1,pet_0,89,196,28,11
28,reason_25,month_12,day_2,season_3,363,16,29,27,205.917,90,0,education_1,son_4,0,0,pet_5,71,171,29,62
29,reason_23,month_11,day_5,season_1,239,9,1,27,205.917,82,0,education_3,son_2,1,1,pet_1,56,164,38,0
30,reason_23,month_2,day_2,season_1,388,45,16,53,205.917,93,0,education_3,son_1,1,0,pet_0,56,163,33,39
31,reason_16,month_0,day_2,season_1,118,11,18,33,378.884,94,0,education_3,son_1,0,0,pet_0,65,163,24,0
32,reason_0,month_1,day_2,season_4,118,5,1,36,251.335,99,0,education_4,son_0,1,0,pet_1,81,168,20,36
33,reason_9,month_4,day_5,season_3,342,16,4,27,205.917,96,0,education_2,son_2,1,0,pet_4,56,168,19,0
34,reason_8,month_2,day_2,season_1,267,30,1,41,213.675,91,0,education_2,son_4,0,0,pet_1,68,196,31,120
35,reason_8,month_4,day_2,season_4,118,5,1,35,205.917,85,0,education_1,son_1,1,0,pet_1,56,163,22,0
36,reason_22,month_0,day_2,season_1,223,28,18,27,246.878,97,0,education_2,son_0,0,0,pet_1,105,190,20,79
37,reason_10,month_0,day_3,season_1,203,36,7,42,205.917,82,0,education_3,son_2,1,1,pet_0,89,163,30,0
38,reason_15,month_8,day_2,season_4,118,41,20,48,350.997,89,0,education_1,son_0,1,1,pet_0,68,175,20,0
39,reason_13,month_4,day_2,season_3,147,17,22,27,205.917,100,0,education_1,son_4,1,0,pet_4,94,163,31,25
40,reason_16,month_7,day_4,season_2,118,14,6,27,232.761,95,0,education_1,son_2,1,0,pet_0,92,174,38,0
41,reason_4,month_9,day_4,season_1,118,45,11,27,321.64,89,1,education_1,son_1,0,0,pet_1,80,190,38,0
42,reason_14,month_6,day_2,season_2,118,52,17,27,313.269,94,0,education_4,son_4,1,0,pet_5,56,163,29,17
43,reason_28,month_8,day_2,season_4,336,23,23,27,205.917,88,0,education_1,son_1,1,0,pet_8,108,189,19,18
44,reason_27,month_10,day_3,season_1,309,44,1,44,205.917,88,1,education_1,son_2,1,0,pet_5,108,163,28,80
45,reason_10,month_12,day_2,season_1,388,5,29,58,306.026,97,0,education_1,son_0,1,0,pet_4,56,163,30,0
46,reason_10,month_3,day_2,season_1,139,21,21,29,378.884,93,0,education_1,son_4,0,0,pet_1,65,175,19,0
47,reason_7,month_0,day_2,season_2,272,52,15,30,265.642,90,0,education_1,son_3,0,0,pet_1,81,169,21,0
48,reason_16,month_3,day_5,season_1,259,47,4,43,241.484,86,0,education_1,son_2,1,1,pet_2,88,185,28,35
49,reason_2,month_8,day_2,season_1,225,5,10,36,314.668,100,1,education_1,son_4,0,0,pet_0,56,163,19,4
50,reason_0,month_3,day_2,season_1,355,37,19,39,291.894,94,1,education_2,son_1,1,0,pet_0,56,163,23,49
51,reason_25,month_10,day_2,season_1,120,45,8,58,205.917,100,0,education_4,son_1,0,0,pet_2,58,196,38,10
52,reason_15,month_9,day_2,season_3,252,16,23,33,259.584,100,0,education_3,son_4,0,0,pet_1,76,193,34,25
53,reason_11,month_4,day_2,season_3,254,32,23,27,205.917,85,0,education_4,son_1,1,0,pet_2,85,163,38,0
54,reason_1,month_6,day_2,season_1,197,52,15,49,332.441,100,0,education_2,son_0,0,1,pet_2,104,163,34,0
55,reason_16,month_12,day_2,season_3,151,18,8,58,233.397,100,1,education_4,son_2,0,0,pet_0,57,163,28,54
56,reason_19,month_3,day_2,season_4,388,8,18,41,205.917,95,0,education_1,son_0,1,1,pet_0,93,181,26,0
57,reason_17,month_12,day_2,season_3,118,25,10,33,205.917,94,0,education_1,son_2,0,0,pet_5,56,163,32,15
58,reason_8,month_8,day_2,season_3,388,17,15,33,300.084,81,1,education_2,son_3,0,0,pet_2,70,163,24,0
59,reason_17,month_6,day_2,season_1,197,5,29,52,316.383,83,0,education_3,son_4,1,0,pet_1,93,163,21,76
60,reason_13,month_6,day_2,season_4,341,5,1,53,328.378,81,0,education_1,son_0,0,0,pet_0,104,184,19,3
61,reason_2,month_11,day_3,season_1,118,13,2,27,205.917,100,1,education_3,son_2,1,1,pet_0,108,170,32,69
62,reason_4,month_11,day_2,season_2,173,12,20,58,266.081,93,0,education_1,son_1,0,1,pet_0,56,163,19,47
63,reason_7,month_8,day_2,season_3,386,5,1,43,210.468,88,0,education_3,son_0,0,0,pet_5,56,167,20,0
64,reason_15,month_0,day_2,season_2,118,33,7,40,335.67,91,0,education_3,son_1,1,0,pet_0,108,163,22,20
65,reason_23,month_1,day_2,season_4,388,5,12,58,298.817,83,0,education_1,son_4,0,0,pet_0,71,163,19,104
66,reason_24,month_3,day_2,season_2,124,26,20,45,299.233,86,1,education_2,son_1,1,0,pet_1,87,163,38,0
67,reason_28,month_1,day_4,season_3,301,17,1,41,378.884,100,0,education_2,son_2,0,0,pet_1,59,191,22,23
68,reason_25,month_0,day_2,season_2,250,5,3,27,216.155,94,0,education_4,son_3,0,0,pet_5,99,178,33,0
69,reason_27,month_4,day_2,season_1,191,5,13,27,211.328,87,0,education_1,son_0,1,0,pet_4,84,163,21,0
70,reason_19,month_0,day_5,season_4,209,29,1,42,288.342,90,0,education_4,son_2,0,0,pet_4,96,163,19,13
71,reason_14,month_6,day_5,season_2,118,49,29,27,336.502,100,0,education_4,son_2,0,0,pet_0,56,188,26,0
72,reason_8,month_0,day_2,season_4,118,17,2,32,205.917,88,1,education_2,son_4,0,0,pet_2,108,194,32,0
73,reason_15,month_0,day_3,season_1,310,13,29,31,219.877,99,0,education_3,son_2,0,0,pet_5,108,163,26,0
74,reason_11,month_0,day_2,season_3,118,23,17,44,314.27,99,0,education_4,son_0,0,0,pet_1,108,163,22,0
75,reason_12,month_4,day_2,season_4,185,9,24,33,375.118,91,0,education_1,son_0,0,0,pet_0,83,196,28,0
76,reason_7,month_8,day_2,season_4,207,18,20,32,378.884,93,0,education_1,son_0,0,0,pet_1,63,163,21,120
77,reason_23,month_9,day_2,season_4,118,19,11,28,374.894,91,0,education_1,son_4,0,0,pet_0,74,163,32,91
78,reason_4,month_6,day_2,season_4,118,52,12,42,205.917,100,0,education_3,son_1,1,1,pet_2,92,163,30,0
79,reason_21,month_0,day_2,season_1,305,28,26,37,236.275,84,0,education_3,son_0,0,0,pet_0,99,163,31,0
80,reason_26,month_11,day_2,season_1,118,13,29,40,209.216,94,1,education_1,son_3,0,0,pet_1,98,196,19,21
81,reason_11,month_8,day_2,season_1,226,52,15,45,205.917,84,0,education_3,son_3,1,0,pet_5,56,191,19,98
82,reason_16,month_5,day_2,season_2,196,52,1,29,287.466,86,0,education_1,son_4,0,0,pet_8,59,163,33,0
83,reason_6,month_12,day_2,season_2,273,5,29,27,302.622,100,0,education_1,son_0,1,0,pet_8,72,191,28,0
84,reason_28,month_2,day_2,season_1,118,44,21,51,205.917,99,0,education_4,son_0,0,0,pet_5,63,185,24,0
85,reason_4,month_3,day_6,season_2,273,5,1,45,252.595,97,0,education_1,son_2,0,0,pet_5,75,176,32,16
86,reason_9,month_3,day_2,season_3,253,40,1,49,205.999,100,1,education_2,son_1,1,0,pet_0,67,196,19,0
87,reason_28,month_8,day_2,season_1,276,16,15,27,223.168,90,1,education_4,son_4,0,0,pet_0,78,163,20,0
88,reason_23,month_0,day_3,season_1,271,12,7,49,290.395,96,0,education_2,son_2,0,0,pet_0,58,163,38,0
89,reason_28,month_10,day_2,season_4,388,31,6,40,230.759,81,0,education_1,son_0,1,1,pet_0,56,182,19,0
90,reason_23,month_10,day_2,season_4,160,44,2,45,237.258,93,0,education_2,son_0,0,0,pet_1,56,166,28,31
91,reason_8,month_8,day_2,season_1,273,39,12,43,254.187,100,0,education_4,son_1,1,0,pet_2,61,163,20,13
92,reason_5,month_12,day_2,season_1,268,52,15,27,302.056,88,0,education_1,son_4,0,0,pet_5,59,163,37,0
93,reason_22,month_0,day_2,season_3,118,33,19,48,308.307,100,0,education_1,son_1,1,0,pet_0,59,169,19,71
94,reason_12,month_0,day_2,season_2,215,52,3,49,205.917,100,1,education_3,son_4,0,0,pet_2,100,191,29,11
95,reason_28,month_4,day_2,season_4,152,27,18,41,378.884,100,0,education_1,son_1,1,1,pet_4,92,179,19,51
96,reason_18,month_4,day_2,season_1,388,5,13,27,378.884,100,0,education_1,son_0,0,0,pet_4,95,163,37,0
97,reason_22,month_10,day_3,season_1,310,27,1,30,241.509,97,0,education_3,son_2,1,0,pet_0,66,188,26,0
98,reason_22,month_0,day_2,season_2,118,34,24,52,378.884,93,0,education_2,son_0,0,0,pet_0,85,163,36,0
99,reason_9,month_10,day_2,season_4,205,15,19,52,246.789,97,0,education_1,son_2,1,0,pet_4,62,188,38,0
100,reason_9,month_0,day_3,season_4,182,30,17,48,243.731,88,0,education_4,son_2,1,0,pet_8,56,163,30,57
101,reason_25,month_10,day_6,season_3,325,31,1,33,335.805,88,0,education_1,son_1,1,0,pet_1,76,189,34,0
102,reason_0,month_6,day_2,season_2,225,52,12,27,378.884,82,0,education_2,son_0,1,0,pet_2,92,192,38,85
103,reason_16,month_5,day_4,season_1,118,52,15,43,235.362,93,0,education_2,son_2,1,0,pet_1,85,163,22,120
104,reason_23,month_7,day_2,season_3,118,41,16,48,331.58,95,0,education_1,son_4,1,0,pet_1,81,182,34,75
105,reason_23,month_0,day_2,season_1,307,46,10,36,359.018,81,0,education_4,son_4,0,0,pet_1,56,178,20,52
106,reason_19,month_0,day_2,season_1,221,45,8,28,319.132,100,1,education_1,son_0,1,0,pet_0,82,163,29,0
107,reason_22,month_11,day_2,season_2,234,28,29,58,205.917,96,0,education_1,son_0,1,0,pet_0,93,167,38,0
108,reason_28,month_12,day_4,season_3,306,48,29,44,205.917,94,0,education_4,son_1,1,0,pet_0,69,175,38,0
109,reason_9,month_8,day_5,season_1,118,44,29,35,329.214,96,0,education_1,son_2,1,0,pet_8,56,163,19,0
110,reason_21,month_2,day_2,season_3,118,48,4,58,205.917,90,0,education_1,son_1,0,1,pet_0,97,184,19,37
111,reason_5,month_1,day_3,season_3,263,11,11,58,205.917,100,0,education_1,son_2,0,0,pet_4,56,167,38,0
112,reason_27,month_0,day_2,season_1,375,19,1,43,233.859,100,0,education_3,son_1,0,0,pet_5,56,168,19,15
113,reason_28,month_3,day_2,season_4,118,5,23,35,369.39,90,1,education_1,son_0,0,0,pet_0,79,163,38,0
114,reason_17,month_10,day_2,season_1,220,52,10,32,296.467,90,0,education_1,son_0,1,0,pet_0,103,184,29,0
115,reason_3,month_5,day_2,season_3,167,52,1,37,205.917,81,0,education_1,son_4,1,0,pet_2,56,192,29,97
116,reason_23,month_0,day_2,season_1,118,50,4,58,205.917,100,0,education_4,son_1,0,0,pet_2,85,196,19,40
117,reason_21,month_0,day_2,season_2,240,5,13,38,378.884,96,1,education_4,son_0,1,1,pet_1,84,174,24,0
118,reason_6,month_12,day_2,season_4,118,45,19,36,378.884,94,0,education_1,son_0,1,0,pet_0,56,186,33,97
119,reason_9,month_0,day_2,season_4,118,52,3,27,378.884,85,0,education_3,son_4,0,0,pet_8,94,183,25,43
120,reason_17,month_4,day_6,season_3,203,52,3,27,273.586,97,0,education_1,son_2,1,0,pet_0,63,163,29,0
121,reason_14,month_9,day_2,season_2,388,5,20,41,307.027,92,0,education_1,son_1,0,0,pet_4,83,167,23,10
122,reason_17,month_7,day_6,season_3,118,16,1,36,378.884,100,0,education_1,son_2,1,0,pet_2,77,193,21,27
123,reason_4,month_3,day_2,season_3,388,21,16,58,378.884,93,0,education_1,son_4,0,0,pet_0,83,174,30,9
124,reason_18,month_12,day_2,season_3,388,41,14,27,205.917,100,0,education_1,son_0,1,0,pet_1,64,196,19,0
125,reason_24,month_12,day_2,season_1,118,19,24,27,321.906,100,0,education_3,son_4,0,1,pet_2,80,174,38,0
126,reason_18,month_1,day_2,season_4,279,40,9,33,209.344,100,0,education_4,son_2,0,0,pet_5,56,163,24,51
127,reason_10,month_1,day_2,season_4,118,52,9,27,331.091,96,0,education_4,son_3,1,0,pet_0,105,163,19,0
128,reason_9,month_0,day_2,season_1,190,22,1,58,257.86,92,1,education_2,son_2,0,0,pet_0,73,181,38,41
129,reason_28,month_12,day_2,season_1,320,5,17,27,378.884,100,0,education_1,son_0,1,0,pet_1,66,196,19,105
130,reason_10,month_3,day_2,season_4,118,41,1,33,282.298,86,0,education_1,son_4,0,0,pet_1,56,179,31,120
131,reason_7,month_1,day_2,season_1,249,40,1,27,378.884,100,0,education_1,son_4,1,1,pet_0,67,163,29,0
132,reason_13,month_10,day_2,season_3,352,48,1,31,205.917,85,0,education_2,son_2,1,1,pet_5,108,171,33,34
133,reason_14,month_0,day_2,season_4,152,12,29,27,287.474,99,0,education_4,son_0,1,0,pet_0,88,170,29,0
134,reason_7,month_0,day_2,season_2,300,5,1,27,378.884,100,0,education_2,son_2,0,0,pet_0,108,163,31,28
135,reason_12,month_0,day_4,season_1,210,18,29,35,378.884,88,0,education_2,son_1,0,0,pet_1,62,163,27,0
136,reason_6,month_8,day_2,season_4,118,5,13,36,378.884,93,0,education_1,son_1,1,0,pet_0,95,175,21,0
137,reason_2,month_11,day_2,season_1,352,29,22,27,378.884,93,1,education_1,son_4,1,0,pet_8,108,172,32,19
138,reason_27,month_5,day_6,season_2,334,5,2,27,205.917,90,0,education_3,son_2,1,0,pet_0,56,164,36,55
139,reason_14,month_12,day_2,season_4,118,5,14,27,349.033,82,0,education_2,son_4,0,0,pet_0,71,163,36,0
140,reason_23,month_12,day_2,season_4,130,30,7,39,255.553,100,0,education_1,son_4,0,0,pet_2,69,196,25,6
141,reason_17,month_2,day_3,season_3,280,5,26,27,274.028,100,0,education_1,son_2,1,0,pet_2,56,179,35,0
142,reason_10,month_0,day_2,season_1,118,47,25,32,378.884,86,0,education_2,son_0,0,1,pet_0,67,163,38,0
143,reason_16,month_1,day_2,season_3,118,52,15,39,315.491,88,0,education_1,son_0,0,1,pet_0,56,163,19,0
144,reason_5,month_0,day_2,season_1,118,6,25,46,222.79,91,0,education_4,son_4,1,0,pet_8,108,181,35,0
145,reason_28,month_2,day_4,season_2,388,5,26,58,301.412,85,1,education_1,son_2,1,0,pet_5,56,196,38,0
146,reason_15,month_0,day_2,season_4,118,27,28,27,221.978,91,0,education_3,son_1,0,0,pet_5,69,163,19,1
147,reason_19,month_6,day_4,season_2,159,52,15,58,293.406,94,0,education_1,son_2,1,0,pet_0,108,166,19,33
148,reason_3,month_11,day_2,season_3,353,52,26,27,303.536,94,0,education_1,son_2,0,0,pet_4,62,166,34,109
149,reason_27,month_5,day_2,season_1,118,40,13,32,205.917,100,0,education_4,son_1,1,0,pet_5,71,163,19,0
150,reason_1,month_1,day_3,season_2,316,52,10,52,278.4,100,1,education_1,son_2,1,0,pet_5,106,177,37,24
151,reason_2,month_0,day_2,season_3,388,29,12,27,219.023,88,0,education_2,son_4,1,0,pet_1,93,175,22,0
152,reason_6,month_11,day_3,season_3,207,48,1,37,302.132,88,0,education_1,son_2,0,0,pet_0,97,175,23,0
153,reason_8,month_4,day_6,season_2,205,14,5,30,378.884,95,1,education_4,son_2,1,0,pet_0,77,163,36,0
154,reason_21,month_12,day_5,season_2,276,8,29,58,303.629,96,0,education_3,son_2,1,0,pet_0,73,178,34,49
155,reason_21,month_3,day_2,season_4,118,41,7,32,205.917,100,0,education_1,son_3,1,0,pet_1,101,190,20,30
156,reason_17,month_9,day_4,season_1,211,52,8,27,205.917,84,0,education_1,son_2,0,0,pet_5,108,163,19,97
157,reason_15,month_12,day_2,season_4,388,52,18,27,324.206,100,0,education_1,son_1,1,0,pet_5,76,163,38,0
158,reason_16,month_2,day_2,season_1,363,47,13,37,361.277,89,0,education_1,son_1,1,0,pet_8,108,165,19,51
159,reason_23,month_12,day_6,season_2,295,27,1,57,264.391,93,0,education_3,son_2,1,1,pet_0,64,178,23,45
160,reason_28,month_11,day_2,season_1,231,5,23,27,281.15,92,1,education_4,son_0,1,0,pet_0,64,163,26,120
161,reason_9,month_9,day_3,season_4,357,13,1,50,259.359,94,1,education_1,son_2,0,0,pet_1,56,171,19,0
162,reason_24,month_12,day_2,season_4,193,35,16,38,291.037,84,0,education_1,son_0,1,0,pet_0,56,194,19,0
163,reason_28,month_0,day_2,season_1,361,7,8,54,218.068,100,0,education_4,son_0,0,0,pet_0,108,186,31,55
164,reason_0,month_0,day_2,season_2,200,5,10,27,226.198,90,0,education_2,son_1,1,0,pet_0,56,190,22,84
165,reason_5,month_0,day_2,season_3,118,37,28,46,378.884,100,0,education_4,son_4,1,0,pet_2,82,193,29,0
166,reason_15,month_9,day_2,season_1,277,52,1,47,205.917,99,0,education_1,son_4,0,0,pet_2,56,164,19,78
167,reason_23,month_0,day_2,season_3,263,23,13,33,248.238,86,1,education_2,son_1,0,0,pet_0,56,176,19,0
168,reason_0,month_0,day_2,season_1,292,14,3,43,378.884,100,0,education_4,son_4,0,0,pet_0,61,196,32,0
169,reason_21,month_0,day_3,season_2,153,40,12,58,378.884,100,1,education_4,son_2,1,0,pet_0,108,163,34,82
170,reason_2,month_5,day_6,season_1,224,52,1,31,330.201,94,0,education_1,son_1,1,0,pet_2,56,177,19,0
171,reason_8,month_7,day_2,season_3,367,11,13,27,280.702,100,0,education_1,son_0,0,0,pet_0,85,163,34,10
172,reason_16,month_9,day_3,season_1,118,52,26,27,275.019,81,0,education_3,son_2,0,0,pet_1,67,169,38,0
173,reason_28,month_6,day_3,season_3,386,17,29,58,278.847,96,0,education_4,son_2,0,0,pet_0,101,194,38,0
174,reason_5,month_3,day_2,season_1,258,51,11,58,205.917,95,0,education_1,son_1,0,0,pet_0,97,174,29,0
175,reason_12,month_10,day_2,season_3,198,30,1,37,205.917,98,0,education_2,son_3,1,0,pet_0,76,183,38,41
176,reason_3,month_8,day_2,season_2,118,52,16,45,205.917,81,0,education_2,son_0,1,1,pet_8,56,163,31,0
177,reason_17,month_9,day_2,season_4,153,15,19,43,243.811,100,0,education_3,son_1,1,0,pet_5,56,195,26,0
178,reason_1,month_10,day_2,season_4,118,13,9,52,205.917,95,0,education_1,son_0,1,1,pet_5,76,163,32,0
179,reason_9,month_4,day_2,season_1,206,37,14,46,209.446,94,0,education_1,son_4,0,0,pet_8,56,196,24,0
180,reason_26,month_8,day_2,season_2,280,5,1,30,296.495,98,0,education_3,son_0,1,0,pet_2,61,181,32,44
181,reason_9,month_3,day_2,season_3,241,5,17,27,205.917,99,1,education_1,son_0,1,0,pet_0,108,163,29,0
182,reason_9,month_8,day_2,season_2,166,42,24,38,225.698,87,1,education_3,son_0,0,0,pet_0,108,163,19,15
183,reason_21,month_11,day_2,season_1,118,48,29,34,251.435,100,0,education_2,son_4,1,1,pet_2,56,181,28,0
184,reason_2,month_0,day_2,season_1,290,24,1,52,371.957,100,0,education_4,son_4,1,1,pet_4,77,169,19,16
185,reason_0,month_1,day_5,season_4,317,52,22,53,222.481,94,1,education_2,son_2,1,0,pet_0,108,163,35,13
186,reason_11,month_6,day_2,season_1,358,5,24,45,377.039,100,1,education_1,son_3,0,0,pet_0,100,164,38,0
187,reason_21,month_0,day_2,season_1,204,30,29,33,292.053,100,0,education_4,son_4,1,0,pet_1,56,193,26,106
188,reason_21,month_5,day_4,season_4,388,21,29,57,246.818,97,0,education_4,son_2,1,0,pet_0,94,196,38,0
189,reason_15,month_9,day_2,season_3,388,7,19,27,303.665,94,0,education_1,son_4,0,0,pet_1,75,169,37,47
190,reason_14,month_12,day_2,season_2,388,23,5,27,307.663,91,0,education_3,son_0,1,1,pet_0,73,164,24,0
191,reason_21,month_4,day_6,season_4,173,14,9,49,296.576,100,0,education_1,son_2,0,1,pet_1,56,163,33,41
192,reason_17,month_0,day_2,season_4,118,17,23,42,210.633,100,0,education_4,son_4,1,0,pet_0,108,163,38,120
193,reason_28,month_8,day_2,season_2,234,28,1,37,224.466,100,0,education_1,son_2,1,0,pet_8,56,170,32,77
194,reason_21,month_0,day_2,season_4,118,52,1,53,208.328,100,0,education_2,son_1,0,1,pet_2,64,163,35,0
195,reason_21,month_5,day_2,season_2,118,52,1,55,257.979,100,0,education_1,son_0,0,0,pet_1,108,173,30,25
196,reason_19,month_3,day_2,season_4,282,5,5,31,205.917,85,0,education_1,son_1,0,0,pet_8,70,163,29,0
197,reason_1,month_12,day_2,season_1,276,10,1,27,205.917,100,0,education_3,son_0,1,0,pet_4,97,163,31,61
198,reason_16,month_0,day_2,season_2,388,20,29,58,205.917,97,0,education_1,son_0,0,0,pet_1,56,163,38,0
199,reason_27,month_3,day_2,season_4,164,23,25,27,215.676,90,0,education_2,son_1,0,0,pet_2,94,184,19,0
200,reason_1,month_10,day_2,season_3,329,12,12,44,366.815,93,1,education_1,son_0,1,0,pet_1,81,175,20,64
201,reason_15,month_12,day_2,season_1,227,5,28,45,360.506,100,0,education_3,son_1,0,0,pet_0,81,167,38,0
202,reason_17,month_8,day_2,season_2,154,15,28,30,205.917,91,1,education_1,son_4,0,1,pet_2,84,164,38,0
203,reason_17,month_2,day_2,season_1,388,9,1,27,285.93,93,1,education_1,son_4,0,0,pet_2,56,180,38,47
204,reason_28,month_11,day_2,season_2,118,5,1,58,329.585,100,0,education_1,son_0,0,0,pet_4,56,163,20,21
205,reason_24,month_11,day_2,season_3,118,5,29,37,355.234,100,1,education_1,son_0,1,0,pet_0,108,193,37,0
206,reason_14,month_8,day_3,season_2,118,39,1,47,368.831,91,0,education_1,son_2,0,1,pet_0,108,196,35,43
207,reason_11,month_11,day_2,season_4,348,52,8,52,270.63,100,1,education_4,son_0,1,0,pet_5,103,163,20,34
208,reason_16,month_0,day_4,season_1,160,36,1,41,378.884,100,0,education_2,son_1,1,0,pet_0,60,196,19,0
209,reason_11,month_1,day_2,season_4,388,29,6,28,378.884,100,0,education_1,son_0,1,0,pet_0,100,196,38,0
210,reason_0,month_1,day_6,season_1,353,52,11,46,311.3,94,0,education_1,son_2,0,1,pet_0,67,196,20,0
211,reason_9,month_0,day_2,season_3,262,41,2,28,268.038,82,1,education_3,son_0,1,0,pet_1,56,178,19,7
212,reason_14,month_6,day_2,season_3,234,10,3,58,378.884,100,0,education_1,son_1,0,0,pet_0,104,192,19,0
213,reason_9,month_5,day_2,season_1,175,21,22,27,315.336,100,0,education_1,son_0,0,0,pet_0,62,163,35,0
214,reason_1,month_1,day_2,season_3,170,31,3,29,205.917,91,1,education_1,son_0,1,0,pet_0,56,196,34,120
215,reason_14,month_9,day_2,season_1,274,9,13,45,312.514,89,0,education_1,son_1,1,0,pet_5,70,174,21,0
216,reason_24,month_2,day_2,season_3,388,5,10,27,205.917,100,0,education_2,son_2,1,0,pet_0,56,163,38,64
217,reason_18,month_0,day_5,season_4,118,15,29,37,330.253,100,1,education_4,son_1,1,1,pet_5,79,168,32,0
218,reason_2,month_1,day_2,season_3,118,33,29,27,205.917,100,1,education_2,son_0,1,0,pet_5,108,179,19,73
219,reason_0,month_12,day_2,season_3,183,20,28,30,250.637,89,0,education_1,son_4,0,1,pet_4,107,163,33,0
220,reason_15,month_4,day_6,season_4,314,29,14,44,374.688,94,0,education_2,son_1,0,0,pet_1,56,184,19,4
221,reason_10,month_8,day_2,season_1,140,31,1,44,313.952,98,0,education_1,son_1,1,1,pet_1,67,168,25,77
222,reason_2,month_4,day_2,season_3,305,42,3,31,346.782,100,0,education_3,son_1,0,0,pet_0,95,169,21,29
223,reason_17,month_5,day_2,season_2,138,12,29,27,271.106,87,0,education_1,son_4,0,0,pet_0,56,168,19,38
224,reason_1,month_6,day_2,season_3,224,52,4,54,279.046,88,0,education_2,son_3,0,1,pet_2,61,167,32,0
225,reason_15,month_12,day_2,season_3,274,42,15,34,332.734,100,0,education_1,son_1,1,0,pet_5,67,178,23,0
226,reason_4,month_0,day_5,season_4,388,17,5,27,205.917,81,0,education_2,son_2,0,1,pet_8,81,173,19,0
227,reason_9,month_12,day_2,season_4,340,27,7,29,358.606,84,0,education_1,son_4,0,0,pet_8,56,163,19,0
228,reason_1,month_7,day_2,season_4,118,35,24,29,378.884,89,1,education_1,son_1,1,0,pet_2,83,172,26,59
229,reason_13,month_10,day_2,season_1,250,27,24,40,254.82,92,0,education_2,son_0,1,0,pet_4,101,163,24,0
230,reason_28,month_5,day_5,season_2,388,42,12,44,359.556,100,0,education_2,son_1,1,0,pet_4,59,165,20,98
231,reason_7,month_10,day_2,season_3,118,15,10,56,268.955,100,0,education_1,son_1,1,0,pet_1,56,163,30,65
232,reason_10,month_0,day_4,season_4,118,37,29,31,205.917,81,0,education_3,son_2,0,0,pet_0,56,174,27,35
233,reason_27,month_11,day_5,season_2,245,52,2,27,205.917,81,0,education_2,son_1,0,0,pet_5,73,182,32,64
234,reason_18,month_9,day_2,season_1,118,5,13,27,365.226,94,1,education_4,son_4,1,0,pet_0,70,163,19,22
235,reason_13,month_2,day_2,season_1,388,52,5,41,368.862,100,0,education_3,son_4,0,0,pet_0,62,171,27,65
236,reason_25,month_9,day_2,season_1,118,5,10,35,205.917,87,0,education_1,son_4,1,0,pet_0,56,193,21,0
237,reason_4,month_0,day_2,season_4,330,40,1,38,205.917,91,0,education_1,son_0,1,0,pet_2,105,171,31,111
238,reason_1,month_0,day_2,season_2,118,52,1,46,341.517,100,0,education_4,son_0,0,0,pet_5,98,163,20,29
239,reason_11,month_0,day_2,season_3,388,24,1,27,269.091,83,1,education_4,son_3,1,0,pet_0,81,167,27,0
240,reason_28,month_1,day_2,season_2,142,19,5,51,205.917,100,0,education_1,son_0,1,0,pet_8,108,179,30,90
241,reason_5,month_10,day_2,season_3,118,35,1,27,205.917,91,0,education_1,son_1,1,0,pet_0,58,163,24,0
242,reason_23,month_0,day_2,season_2,342,7,26,34,205.917,92,0,education_3,son_0,0,0,pet_0,108,196,19,0
243,reason_8,month_3,day_2,season_2,388,38,5,57,205.917,100,0,education_1,son_1,0,0,pet_0,56,172,37,25
244,reason_14,month_6,day_2,season_4,189,48,10,31,205.917,100,1,education_1,son_4,0,0,pet_0,108,179,19,0
245,reason_13,month_8,day_2,season_1,118,26,1,27,237.077,81,1,education_1,son_0,1,0,pet_8,56,196,32,0
246,reason_5,month_0,day_4,season_4,249,5,4,43,337.729,86,0,education_2,son_2,1,0,pet_1,98,180,29,2
247,reason_11,month_10,day_2,season_1,118,38,8,53,205.917,86,0,education_2,son_0,0,1,pet_8,56,191,21,24
248,reason_22,month_3,day_2,season_2,196,20,1,27,292.421,100,0,education_3,son_0,1,0,pet_0,56,163,31,57
249,reason_27,month_1,day_2,season_4,118,23,1,50,332.913,82,1,education_1,son_0,1,0,pet_5,108,171,19,0
250,reason_22,month_0,day_2,season_2,118,5,3,57,208.758,100,1,education_4,son_1,1,0,pet_4,56,176,19,0
251,reason_10,month_0,day_2,season_4,202,38,1,27,224.5,100,0,education_4,son_1,0,0,pet_0,61,163,19,0
252,reason_15,month_0,day_2,season_2,185,40,1,58,219.377,81,0,education_2,son_0,1,0,pet_5,56,163,22,58
253,reason_0,month_5,day_4,season_3,252,45,15,33,358.56,97,0,education_1,son_2,1,0,pet_0,82,184,32,0
254,reason_0,month_0,day_6,season_3,171,5,4,58,378.884,100,1,education_2,son_1,0,0,pet_0,77,170,22,0
255,reason_0,month_0,day_3,season_4,306,30,29,27,265.215,95,0,education_1,son_2,1,0,pet_2,56,187,31,0
256,reason_17,month_6,day_2,season_4,190,5,12,58,240.771,89,1,education_1,son_0,0,0,pet_5,77,169,31,0
257,reason_22,month_10,day_5,season_2,118,11,14,27,205.917,96,1,education_1,son_2,1,0,pet_1,61,176,38,0
258,reason_1,month_0,day_2,season_4,388,38,8,37,272.959,100,1,education_1,son_1,0,0,pet_0,100,163,30,0
259,reason_1,month_0,day_4,season_2,163,23,1,50,322.255,93,0,education_1,son_2,0,1,pet_1,56,168,32,0
260,reason_2,month_4,day_2,season_3,118,9,10,36,248.85,88,0,education_1,son_0,1,0,pet_0,96,171,22,52
261,reason_5,month_7,day_4,season_2,388,49,29,38,205.917,100,1,education_1,son_2,0,0,pet_2,85,163,19,0
262,reason_5,month_0,day_2,season_2,118,35,29,27,378.884,99,0,education_1,son_0,0,0,pet_0,56,182,21,16
263,reason_13,month_2,day_2,season_3,260,52,23,27,368.481,94,1,education_1,son_0,0,1,pet_0,76,166,25,0
264,reason_24,month_0,day_2,season_3,118,25,1,49,328.445,81,1,education_1,son_3,1,0,pet_0,56,169,19,0
265,reason_0,month_12,day_2,season_3,388,5,1,58,276.691,85,0,education_2,son_4,1,0,pet_2,56,185,19,0
266,reason_11,month_8,day_6,season_4,118,19,13,27,351.864,100,0,education_1,son_1,1,1,pet_1,56,169,38,0
267,reason_28,month_11,day_4,season_3,388,29,23,40,315.428,86,0,education_4,son_2,1,0,pet_0,108,196,19,86
268,reason_24,month_10,day_2,season_1,295,48,6,29,378.884,81,0,education_3,son_4,1,0,pet_2,64,196,19,77
269,reason_14,month_2,day_2,season_2,388,38,1,39,205.917,100,1,education_2,son_1,1,0,pet_4,56,163,22,0
270,reason_17,month_12,day_2,season_1,187,48,12,27,205.917,81,1,education_1,son_0,0,0,pet_0,94,179,19,13
271,reason_0,month_3,day_2,season_3,178,5,10,27,216.586,81,1,education_3,son_4,0,0,pet_5,56,196,23,93
272,reason_0,month_1,day_4,season_1,118,28,1,37,304.431,99,0,education_1,son_1,0,0,pet_2,62,163,27,0
273,reason_13,month_0,day_2,season_1,118,46,11,27,352.97,88,0,education_4,son_0,0,0,pet_2,97,163,19,7
274,reason_7,month_1,day_5,season_3,118,36,23,27,309.142,85,0,education_1,son_2,1,0,pet_0,108,163,24,0
275,reason_2,month_9,day_2,season_1,121,40,23,27,331.382,100,0,education_2,son_0,0,0,pet_0,67,163,20,32
276,reason_4,month_0,day_3,season_4,136,20,13,27,265.485,83,0,education_3,son_2,1,0,pet_0,99,168,33,75
277,reason_1,month_4,day_4,season_2,327,52,1,43,205.917,100,0,education_4,son_2,0,0,pet_4,80,163,23,21
278,reason_17,month_10,day_2,season_3,118,52,21,27,364.599,94,0,education_1,son_3,1,0,pet_0,71,180,34,0
279,reason_22,month_11,day_5,season_4,262,24,20,46,205.917,88,0,education_4,son_2,0,0,pet_0,68,180,35,0
280,reason_14,month_6,day_2,season_1,134,52,11,45,313.711,100,1,education_3,son_0,0,0,pet_8,56,167,37,0
281,reason_11,month_10,day_2,season_2,319,37,14,53,278.984,97,1,education_1,son_1,1,0,pet_1,108,163,19,0
282,reason_2,month_10,day_3,season_1,295,46,19,27,320.164,83,0,education_1,son_2,0,1,pet_2,91,163,19,17
283,reason_19,month_11,day_3,season_1,388,7,17,43,205.917,83,0,education_1,son_2,0,1,pet_0,69,163,34,0
284,reason_25,month_0,day_2,season_2,118,13,2,33,378.884,100,1,education_2,son_1,0,0,pet_0,56,177,19,82
285,reason_6,month_6,day_2,season_3,388,10,26,54,205.917,99,1,education_1,son_1,1,1,pet_1,75,163,38,0
286,reason_4,month_11,day_4,season_1,217,52,19,43,205.917,100,0,education_1,son_2,1,1,pet_1,73,169,24,38
287,reason_27,month_8,day_2,season_2,206,47,20,27,369.268,100,0,education_1,son_1,1,0,pet_0,108,179,38,0
288,reason_13,month_4,day_3,season_3,388,5,16,37,278.143,88,0,education_1,son_2,0,0,pet_0,98,163,38,30
289,reason_0,month_1,day_2,season_4,162,21,15,27,286.941,100,1,education_3,son_0,1,0,pet_0,108,163,20,0
290,reason_23,month_1,day_4,season_3,262,52,29,30,245.19,85,0,education_2,son_2,1,0,pet_0,56,173,27,0
291,reason_23,month_8,day_5,season_2,149,22,29,27,378.884,100,0,education_3,son_2,0,1,pet_0,80,163,19,80
292,reason_18,month_0,day_2,season_1,305,52,10,41,378.884,100,1,education_4,son_1,0,0,pet_0,108,196,35,55
293,reason_0,month_5,day_2,season_3,118,52,20,27,374.428,92,0,education_1,son_0,1,0,pet_0,88,163,38,14
294,reason_25,month_4,day_2,season_3,388,7,8,27,282.146,93,0,education_1,son_0,0,0,pet_0,56,188,38,51
295,reason_27,month_12,day_2,season_3,347,46,23,58,324.881,100,0,education_3,son_4,0,1,pet_0,79,180,19,31
296,reason_7,month_6,day_2,season_1,339,48,1,43,205.917,90,0,education_1,son_1,0,0,pet_2,108,171,27,9
297,reason_14,month_9,day_2,season_2,306,28,9,27,353.34,97,0,education_1,son_1,1,1,pet_0,68,168,31,0
298,reason_11,month_9,day_2,season_2,118,17,29,40,205.917,85,0,education_1,son_1,1,0,pet_4,88,163,38,0
299,reason_15,month_5,day_4,season_1,118,24,29,28,205.917,82,0,education_3,son_2,1,0,pet_8,76,196,19,0
300,reason_11,month_7,day_2,season_2,292,31,14,36,205.917,88,0,education_1,son_0,1,0,pet_2,90,196,29,0
301,reason_13,month_8,day_2,season_4,118,26,4,27,205.917,100,0,education_1,son_0,0,0,pet_0,85,163,38,0
302,reason_21,month_12,day_2,season_3,118,28,15,44,272.673,88,1,education_3,son_4,0,0,pet_2,68,163,26,28
303,reason_23,month_9,day_3,season_3,236,33,16,35,319.472,92,0,education_3,son_2,1,0,pet_0,78,186,32,13
304,reason_27,month_0,day_2,season_1,388,32,20,58,205.917,93,1,education_1,son_0,1,0,pet_1,73,179,38,0
305,reason_5,month_0,day_2,season_4,280,30,7,27,205.917,100,0,education_2,son_0,1,0,pet_4,101,192,38,0
306,reason_9,month_11,day_2,season_1,381,29,1,28,286.627,100,0,education_1,son_4,0,0,pet_4,56,180,22,30
307,reason_3,month_3,day_2,season_3,388,5,18,56,361.829,100,1,education_1,son_0,1,0,pet_2,108,192,23,0
308,reason_28,month_4,day_2,season_2,214,25,29,27,267.699,90,0,education_1,son_0,1,0,pet_8,85,183,25,9
309,reason_6,month_12,day_2,season_1,351,27,6,27,205.917,100,0,education_4,son_0,0,1,pet_5,56,163,32,56
310,reason_23,month_1,day_6,season_2,118,5,21,27,280.181,90,0,education_1,son_2,1,1,pet_2,105,184,19,0
311,reason_4,month_6,day_2,season_1,162,6,4,32,246.792,89,0,education_1,son_0,1,0,pet_0,71,196,33,0
312,reason_23,month_8,day_2,season_1,318,5,1,53,367.696,82,1,education_1,son_1,1,0,pet_8,61,167,29,0
313,reason_1,month_2,day_2,season_1,304,5,8,39,205.917,100,0,education_1,son_0,0,0,pet_8,60,177,24,55
314,reason_18,month_11,day_2,season_2,164,30,6,35,299.454,94,1,education_2,son_4,0,0,pet_1,76,172,38,0
315,reason_21,month_2,day_2,season_1,214,5,18,39,341.937,83,0,education_3,son_2,1,0,pet_5,107,196,38,82
316,reason_12,month_4,day_2,season_1,209,52,29,37,267.088,94,0,education_1,son_4,0,0,pet_4,74,163,32,0
317,reason_8,month_0,day_2,season_3,118,44,11,27,378.884,87,0,education_3,son_4,0,0,pet_0,93,168,30,53
318,reason_27,month_0,day_2,season_1,211,51,25,28,221.805,89,0,education_1,son_3,0,0,pet_2,103,173,24,0
319,reason_17,month_10,day_2,season_3,343,5,19,27,309.168,87,0,education_2,son_4,1,0,pet_0,93,163,23,0
320,reason_8,month_2,day_2,season_1,142,20,17,27,378.884,97,0,education_2,son_4,1,0,pet_2,56,163,23,0
321,reason_0,month_4,day_2,season_1,148,5,14,55,336.695,100,0,education_1,son_4,1,0,pet_0,101,186,28,0
322,reason_14,month_1,day_2,season_2,206,42,29,39,329.291,93,0,education_3,son_4,0,0,pet_0,102,166,24,35
323,reason_28,month_6,day_2,season_3,388,14,29,48,285.247,91,0,education_1,son_0,0,0,pet_0,67,163,31,0
324,reason_28,month_0,day_2,season_1,136,22,18,40,205.917,99,0,education_4,son_2,1,0,pet_4,58,172,19,120
325,reason_23,month_0,day_2,season_1,388,25,25,58,364.699,85,0,education_2,son_0,1,1,pet_1,56,195,19,0
326,reason_5,month_11,day_2,season_4,279,40,1,35,378.884,100,0,education_1,son_0,0,1,pet_0,104,185,19,3
327,reason_4,month_12,day_2,season_2,313,43,1,48,261.47,100,1,education_1,son_0,1,0,pet_8,84,173,24,81
328,reason_15,month_2,day_2,season_3,118,22,29,27,230.019,93,0,education_1,son_1,0,1,pet_0,98,163,28,0
329,reason_28,month_0,day_2,season_3,118,18,1,27,236.518,94,0,education_3,son_0,1,0,pet_2,103,190,35,0
330,reason_15,month_11,day_6,season_2,388,23,26,55,337.81,100,1,education_2,son_2,1,0,pet_1,67,167,19,0
331,reason_21,month_3,day_2,season_4,203,24,29,45,244.326,96,1,education_3,son_1,1,0,pet_0,77,163,31,0
332,reason_0,month_5,day_2,season_3,118,52,11,27,215.683,81,0,education_1,son_1,1,0,pet_2,82,164,26,13
333,reason_11,month_0,day_5,season_3,289,20,20,55,205.917,81,0,education_3,son_2,1,0,pet_0,56,172,38,55
334,reason_23,month_0,day_2,season_2,178,9,6,27,233.91,92,1,education_3,son_0,0,0,pet_0,56,196,21,115
335,reason_21,month_0,day_2,season_2,205,33,29,44,230.046,100,0,education_4,son_0,0,1,pet_0,108,182,19,36
336,reason_2,month_4,day_2,season_4,287,47,11,27,278.367,91,0,education_1,son_1,1,0,pet_0,82,163,32,0
337,reason_14,month_3,day_2,season_4,248,24,1,29,378.884,100,0,education_1,son_1,0,0,pet_2,96,190,35,104
338,reason_25,month_12,day_2,season_2,388,5,20,27,214.355,90,0,education_2,son_0,0,1,pet_1,56,196,38,0
339,reason_8,month_0,day_2,season_4,126,5,18,27,205.917,100,0,education_1,son_4,1,0,pet_0,78,193,33,54
340,reason_16,month_0,day_3,season_3,118,52,21,44,369.513,96,1,education_3,son_2,1,0,pet_0,100,164,35,0
341,reason_28,month_11,day_6,season_1,296,30,1,27,241.989,87,0,education_1,son_1,0,0,pet_8,77,183,38,0
342,reason_4,month_3,day_3,season_1,347,11,29,56,205.917,86,0,education_1,son_2,0,1,pet_0,56,163,19,0
343,reason_22,month_2,day_2,season_4,118,14,12,31,319.725,100,0,education_4,son_0,1,0,pet_4,88,176,21,37
344,reason_0,month_2,day_2,season_4,161,52,19,40,355.005,88,0,education_1,son_4,1,0,pet_0,57,163,30,62
345,reason_13,month_0,day_2,season_3,268,27,13,49,211.407,84,1,education_3,son_3,0,1,pet_0,56,163,24,64
346,reason_14,month_9,day_2,season_4,177,50,15,45,205.917,81,1,education_1,son_1,0,0,pet_0,65,163,22,0
347,reason_27,month_11,day_2,season_2,333,30,29,27,281.619,93,0,education_1,son_0,1,1,pet_8,56,179,19,43
348,reason_7,month_9,day_2,season_2,152,52,1,27,256.467,93,0,education_1,son_0,0,0,pet_8,99,163,38,0
349,reason_25,month_4,day_2,season_1,243,29,16,46,378.884,84,0,education_4,son_4,0,1,pet_2,65,175,19,0
350,reason_8,month_3,day_4,season_3,298,5,19,41,289.806,100,0,education_1,son_2,0,0,pet_0,91,193,21,12
351,reason_8,month_0,day_2,season_3,223,5,2,27,378.884,100,1,education_4,son_0,0,0,pet_0,84,196,28,70
352,reason_16,month_9,day_3,season_2,215,16,29,27,220.622,97,0,education_1,son_2,0,0,pet_1,56,179,19,0
353,reason_17,month_0,day_2,season_2,118,40,23,47,250.344,100,0,education_3,son_4,0,0,pet_0,87,196,32,32
354,reason_2,month_0,day_2,season_4,340,8,1,43,254.789,100,0,education_4,son_4,1,0,pet_0,56,196,35,0
355,reason_17,month_0,day_2,season_1,388,5,29,27,287.422,81,0,education_4,son_0,0,0,pet_2,56,166,33,15
356,reason_0,month_2,day_2,season_2,144,50,20,40,322.65,87,0,education_3,son_4,1,0,pet_1,106,163,19,120
357,reason_21,month_11,day_4,season_1,388,52,21,30,322.811,81,0,education_1,son_2,1,0,pet_4,108,196,19,27
358,reason_25,month_10,day_2,season_1,193,52,1,29,212.389,97,0,education_1,son_3,0,0,pet_2,102,165,27,0
359,reason_23,month_11,day_4,season_3,365,29,29,27,246.843,81,0,education_2,son_2,0,0,pet_0,101,170,23,61
360,reason_10,month_8,day_3,season_2,388,34,1,40,364.378,93,1,education_1,son_2,0,0,pet_0,93,196,19,0
361,reason_7,month_0,day_2,season_2,118,5,27,29,205.917,93,1,education_2,son_4,1,0,pet_4,91,182,32,0
362,reason_23,month_11,day_2,season_1,388,25,20,33,234.574,100,0,education_3,son_0,1,0,pet_0,56,167,38,31
363,reason_7,month_2,day_2,season_1,118,30,1,44,205.917,96,0,education_1,son_1,1,0,pet_0,56,189,27,0
364,reason_15,month_0,day_5,season_1,165,47,22,58,211.812,90,0,education_2,son_2,0,0,pet_0,86,163,28,0
365,reason_13,month_0,day_2,season_2,268,22,3,40,258.326,81,0,education_3,son_0,1,1,pet_8,69,182,19,0
366,reason_10,month_2,day_2,season_1,338,5,17,28,294.019,81,1,education_2,son_4,0,1,pet_1,108,181,29,57
367,reason_4,month_0,day_2,season_4,254,39,6,45,361.364,93,0,education_3,son_0,1,0,pet_2,108,163,26,0
368,reason_9,month_9,day_2,season_1,262,52,14,27,378.884,89,0,education_4,son_1,0,0,pet_0,80,176,19,0
369,reason_15,month_0,day_2,season_3,380,19,18,54,242.774,100,0,education_2,son_3,0,0,pet_1,72,196,23,0
370,reason_15,month_4,day_2,season_2,209,52,1,39,269.183,93,0,education_2,son_4,1,0,pet_8,70,163,19,55
371,reason_8,month_11,day_2,season_1,388,20,11,35,316.303,83,0,education_3,son_4,1,1,pet_0,108,163,38,0
372,reason_23,month_0,day_2,season_2,134,39,29,29,245.917,93,0,education_3,son_1,1,0,pet_0,62,165,38,42
373,reason_23,month_0,day_2,season_4,388,10,1,27,205.917,83,0,education_1,son_4,0,0,pet_0,69,173,21,36
374,reason_9,month_9,day_6,season_3,300,38,12,46,370.103,86,0,education_2,son_2,1,0,pet_1,56,165,27,11
375,reason_22,month_12,day_3,season_2,118,5,29,41,205.917,100,0,education_1,son_2,1,1,pet_0,58,179,23,86
376,reason_3,month_12,day_2,season_4,118,12,5,50,205.917,98,0,education_1,son_0,0,0,pet_1,56,172,32,0
377,reason_16,month_6,day_2,season_2,118,5,18,33,205.917,82,0,education_3,son_1,0,0,pet_1,62,163,19,59
378,reason_1,month_3,day_2,season_3,388,42,1,39,234.118,88,1,education_4,son_3,1,1,pet_2,100,169,23,24
379,reason_13,month_6,day_3,season_3,351,52,29,27,205.917,100,0,education_1,son_2,1,0,pet_0,108,187,24,0
380,reason_17,month_3,day_2,season_2,359,26,18,48,378.884,100,0,education_2,son_2,0,1,pet_4,108,163,33,43
381,reason_14,month_7,day_5,season_1,337,40,22,28,264.558,89,0,education_1,son_2,0,0,pet_2,56,163,19,33
382,reason_1,month_0,day_2,season_3,388,52,1,27,308.124,100,0,education_1,son_2,1,0,pet_0,74,196,19,0
383,reason_19,month_3,day_5,season_1,118,52,8,41,378.884,99,0,education_1,son_1,0,1,pet_8,107,170,31,56
384,reason_5,month_3,day_2,season_3,258,52,10,42,228.723,100,0,education_1,son_1,1,0,pet_0,77,163,38,0
385,reason_10,month_8,day_3,season_4,118,52,4,58,205.917,100,0,education_1,son_2,1,0,pet_2,62,163,27,15
386,reason_4,month_0,day_3,season_1,368,5,1,34,279.011,90,1,education_4,son_2,1,0,pet_2,56,183,29,0
387,reason_1,month_4,day_2,season_4,182,43,9,27,205.917,81,0,education_4,son_3,0,1,pet_0,97,190,20,0
388,reason_25,month_4,day_5,season_1,281,52,10,27,249.372,96,1,education_3,son_1,0,0,pet_5,108,163,38,0
389,reason_5,month_2,day_2,season_2,118,5,16,27,220.502,88,0,education_1,son_3,1,0,pet_0,64,190,36,94
390,reason_18,month_0,day_3,season_1,221,52,6,27,241.526,89,0,education_4,son_2,1,0,pet_5,81,163,21,78
391,reason_5,month_6,day_2,season_2,279,52,16,32,251.271,100,0,education_1,son_1,1,0,pet_0,103,182,29,0
392,reason_0,month_2,day_2,season_2,141,22,10,46,291.523,87,0,education_1,son_1,1,1,pet_0,60,163,31,53
393,reason_23,month_10,day_2,season_2,388,5,11,49,355.042,88,1,education_1,son_3,0,0,pet_8,77,192,28,0
394,reason_22,month_3,day_2,season_3,388,5,6,27,271.459,98,0,education_1,son_4,0,0,pet_4,72,196,28,0
395,reason_9,month_4,day_5,season_1,186,5,6,58,205.917,99,0,education_1,son_2,0,1,pet_5,98,163,19,0
396,reason_27,month_4,day_2,season_4,305,19,5,48,263.876,91,0,education_1,son_0,0,0,pet_8,108,182,38,0
397,reason_1,month_0,day_2,season_4,289,38,3,27,378.884,100,0,education_3,son_1,1,0,pet_0,108,188,38,0
398,reason_10,month_4,day_3,season_3,307,28,1,55,231.981,96,0,education_3,son_2,1,0,pet_0,56,196,36,120
399,reason_12,month_11,day_2,season_3,373,5,1,27,315.92,90,0,education_3,son_1,0,0,pet_0,78,169,20,95
400,reason_18,month_6,day_5,season_1,152,45,14,30,251.779,87,0,education_1,son_1,1,0,pet_0,59,174,28,0
401,reason_1,month_2,day_2,season_4,118,14,7,40,274.693,87,0,education_3,son_3,1,0,pet_1,69,189,22,21
402,reason_3,month_9,day_3,season_4,129,27,14,28,214.648,81,0,education_1,son_2,1,1,pet_5,56,182,25,0
403,reason_26,month_0,day_2,season_2,118,52,17,48,221.571,86,1,education_1,son_0,0,0,pet_2,97,163,19,0
404,reason_4,month_5,day_2,season_2,231,32,6,27,378.884,88,0,education_1,son_1,1,0,pet_4,79,163,19,0
405,reason_25,month_12,day_5,season_3,269,31,1,37,243.714,92,1,education_3,son_1,1,1,pet_5,73,188,38,21
406,reason_3,month_0,day_2,season_4,156,37,3,27,219.742,81,1,education_4,son_0,0,0,pet_0,56,189,25,0
407,reason_7,month_0,day_2,season_4,316,38,1,38,327.353,100,0,education_4,son_1,1,0,pet_0,108,182,31,120
408,reason_11,month_2,day_3,season_2,118,52,25,48,205.917,98,0,education_2,son_2,0,0,pet_1,97,179,19,12
409,reason_4,month_1,day_2,season_4,118,8,20,27,205.917,87,0,education_3,son_0,1,0,pet_4,56,192,30,0
410,reason_24,month_0,day_2,season_2,148,5,25,32,286.518,100,1,education_2,son_3,0,0,pet_0,56,191,19,0
411,reason_0,month_12,day_2,season_3,276,38,15,27,205.917,92,0,education_1,son_0,0,0,pet_8,80,186,19,0
412,reason_27,month_0,day_3,season_2,118,10,21,40,248.352,93,0,education_4,son_2,1,0,pet_4,69,196,36,0
413,reason_16,month_2,day_2,season_4,313,10,8,51,315.326,84,0,education_3,son_1,1,0,pet_0,56,165,19,1
414,reason_21,month_0,day_2,season_3,118,48,4,27,378.884,100,0,education_3,son_0,0,0,pet_0,104,177,38,0
415,reason_25,month_8,day_2,season_2,388,16,29,58,378.884,81,0,education_2,son_1,0,0,pet_1,58,163,19,0
416,reason_6,month_8,day_2,season_4,313,20,1,27,205.917,100,0,education_1,son_1,0,0,pet_4,58,163,22,94
417,reason_27,month_10,day_2,season_1,313,5,5,27,205.917,81,0,education_3,son_0,0,1,pet_0,88,175,36,56
418,reason_25,month_10,day_2,season_1,231,52,14,58,205.917,96,0,education_1,son_3,0,1,pet_4,81,196,20,47
419,reason_15,month_4,day_2,season_3,192,18,29,56,205.917,90,1,education_1,son_3,1,0,pet_5,108,171,19,120
420,reason_8,month_7,day_2,season_2,348,5,27,33,231.34,89,0,education_1,son_1,1,0,pet_0,56,190,24,56
421,reason_11,month_10,day_2,season_3,118,24,1,27,208.498,83,0,education_3,son_3,0,0,pet_2,82,166,19,0
422,reason_11,month_9,day_3,season_2,157,52,6,27,218.712,92,0,education_3,son_2,1,0,pet_2,104,163,38,0
423,reason_3,month_3,day_2,season_1,324,5,9,27,252.229,92,0,education_1,son_1,1,1,pet_0,74,167,37,46
424,reason_1,month_0,day_2,season_3,119,24,7,47,205.917,81,0,education_2,son_0,1,0,pet_0,56,167,38,0
425,reason_5,month_11,day_4,season_3,118,5,29,27,271.238,100,0,education_4,son_2,1,1,pet_4,61,167,34,0
426,reason_28,month_3,day_2,season_3,118,5,10,34,205.917,87,0,education_3,son_1,0,0,pet_4,77,163,22,0
427,reason_0,month_6,day_2,season_2,227,8,9,43,205.917,87,1,education_1,son_4,1,0,pet_1,88,175,38,74
428,reason_2,month_2,day_2,season_1,343,5,23,27,378.884,100,0,education_1,son_0,1,1,pet_2,69,184,33,38
429,reason_23,month_12,day_5,season_3,141,36,21,27,205.917,100,1,education_1,son_1,0,0,pet_0,70,179,38,95
430,reason_12,month_8,day_2,season_3,388,5,15,27,367.447,81,1,education_1,son_4,1,1,pet_1,59,164,32,0
431,reason_14,month_9,day_5,season_3,253,5,5,46,216.968,92,0,education_2,son_2,1,0,pet_2,92,179,38,49
432,reason_22,month_4,day_2,season_2,118,5,16,47,363.64,95,0,education_1,son_1,1,0,pet_8,108,184,33,0
433,reason_19,month_2,day_5,season_4,169,52,24,50,313.97,88,0,education_1,son_2,0,0,pet_0,93,169,27,0
434,reason_22,month_0,day_2,season_3,359,52,24,31,205.917,95,1,education_2,son_2,1,1,pet_2,66,196,29,0
435,reason_18,month_5,day_2,season_3,342,5,29,57,205.917,94,0,education_1,son_0,0,0,pet_4,56,163,19,62
436,reason_27,month_0,day_2,season_3,388,23,29,58,326.529,99,0,education_1,son_4,0,1,pet_0,108,174,29,0
437,reason_6,month_10,day_2,season_1,388,10,20,46,205.917,91,0,education_1,son_4,1,0,pet_0,85,184,35,0
438,reason_13,month_0,day_2,season_4,216,37,1,27,282.53,92,0,education_3,son_1,1,0,pet_0,75,163,32,0
439,reason_0,month_0,day_2,season_3,213,52,29,53,205.917,85,1,education_1,son_1,1,0,pet_1,56,163,32,67
440,reason_25,month_8,day_2,season_2,388,52,7,39,378.884,100,1,education_1,son_4,0,0,pet_1,76,163,21,0
441,reason_24,month_8,day_2,season_3,118,52,19,27,251.438,81,0,education_2,son_1,1,0,pet_4,56,163,22,0
442,reason_1,month_3,day_2,season_4,251,52,9,38,205.917,84,1,education_4,son_3,0,1,pet_0,76,196,26,0
443,reason_27,month_7,day_2,season_3,302,21,9,44,205.917,100,0,education_1,son_1,1,0,pet_4,73,163,27,58
444,reason_10,month_4,day_2,season_3,272,30,11,27,356.972,97,0,education_1,son_1,0,1,pet_8,56,163,32,106
445,reason_28,month_2,day_3,season_2,265,39,1,58,268.571,100,0,education_1,son_2,1,0,pet_1,79,180,19,15
446,reason_24,month_0,day_2,season_4,118,24,29,34,288.624,100,0,education_4,son_4,0,0,pet_0,56,181,38,96
447,reason_3,month_10,day_2,season_4,150,31,29,30,242.851,81,0,education_4,son_3,0,0,pet_0,83,166,30,0
448,reason_0,month_12,day_5,season_4,118,5,12,27,274.98,100,0,education_1,son_2,1,0,pet_0,77,182,31,0
449,reason_9,month_1,day_2,season_3,118,33,1,27,225.263,97,0,education_1,son_1,0,0,pet_0,61,185,19,33
450,reason_2,month_10,day_2,season_1,324,14,20,58,249.03,89,0,education_1,son_0,0,0,pet_0,95,163,19,85
451,reason_18,month_6,day_2,season_4,307,11,29,52,266.598,100,0,education_1,son_1,1,0,pet_1,83,163,19,0
452,reason_0,month_2,day_2,season_1,299,36,1,58,288.259,99,0,education_1,son_0,0,0,pet_5,68,184,36,22
453,reason_2,month_4,day_2,season_3,388,5,21,27,378.884,81,0,education_2,son_1,0,1,pet_0,56,196,19,31
454,reason_0,month_0,day_2,season_2,216,33,6,44,277.916,97,0,education_1,son_4,0,0,pet_2,71,167,21,5
455,reason_25,month_4,day_3,season_1,185,35,13,29,257.144,100,0,education_1,son_2,0,0,pet_5,84,163,26,11
456,reason_13,month_8,day_2,season_2,129,5,29,27,214.143,81,0,education_1,son_0,0,0,pet_8,85,183,32,28
457,reason_13,month_11,day_2,season_4,388,5,7,27,262.284,81,0,education_1,son_0,0,0,pet_2,56,163,33,0
458,reason_27,month_4,day_2,season_1,202,10,14,45,214.854,100,1,education_1,son_4,0,0,pet_5,108,185,34,0
459,reason_8,month_5,day_2,season_1,388,30,1,27,320.992,96,0,education_1,son_0,1,0,pet_0,70,169,30,38
460,reason_9,month_0,day_2,season_1,118,37,20,58,321.31,100,0,education_4,son_0,0,0,pet_2,108,163,30,0
461,reason_18,month_6,day_2,season_3,118,20,1,27,267.735,93,0,education_4,son_1,0,0,pet_5,72,163,34,0
462,reason_13,month_10,day_2,season_1,118,38,26,39,219.484,92,0,education_1,son_4,0,1,pet_0,56,188,19,0
463,reason_5,month_1,day_2,season_4,257,8,22,33,254.682,81,0,education_1,son_0,1,1,pet_0,108,189,19,57
464,reason_13,month_0,day_2,season_4,288,5,14,40,332.29,92,0,education_3,son_1,0,0,pet_8,69,189,32,53
465,reason_13,month_3,day_2,season_3,118,5,1,52,205.917,85,0,education_1,son_3,1,1,pet_1,56,163,27,56
466,reason_23,month_0,day_2,season_3,193,39,21,27,352.228,84,0,education_2,son_0,0,1,pet_5,78,163,28,79
467,reason_23,month_5,day_3,season_1,118,45,14,33,378.884,100,1,education_3,son_2,0,0,pet_0,108,163,38,0
468,reason_16,month_12,day_2,season_1,273,21,12,27,205.917,81,0,education_4,son_0,1,0,pet_0,70,186,19,0
469,reason_23,month_3,day_2,season_2,274,32,19,38,347.341,90,0,education_2,son_1,0,0,pet_0,56,163,37,30
470,reason_7,month_8,day_2,season_4,240,5,5,56,205.917,94,0,education_1,son_0,0,0,pet_0,56,172,35,32
471,reason_12,month_5,day_2,season_1,388,26,3,35,277.508,94,0,education_1,son_0,1,1,pet_1,88,178,38,7
472,reason_11,month_4,day_2,season_2,250,35,5,40,347.36,100,0,education_1,son_4,1,0,pet_1,56,187,19,10
473,reason_10,month_9,day_3,season_1,388,22,5,48,270.883,90,0,education_4,son_2,1,0,pet_0,56,163,19,0
474,reason_11,month_2,day_3,season_1,302,5,18,27,240.504,100,0,education_3,son_2,0,0,pet_1,108,180,26,38
475,reason_1,month_2,day_2,season_3,264,9,18,47,225.379,92,0,education_1,son_1,1,1,pet_0,56,176,38,0
476,reason_6,month_2,day_2,season_2,190,25,1,27,373.312,100,1,education_1,son_3,0,0,pet_8,81,175,29,0
477,reason_28,month_4,day_2,season_2,169,13,29,31,209.238,94,0,education_1,son_1,0,1,pet_4,59,196,30,120
478,reason_7,month_0,day_2,season_1,342,5,26,52,252.217,94,1,education_2,son_0,1,1,pet_0,59,182,23,0
479,reason_12,month_12,day_2,season_1,184,7,20,53,205.917,100,0,education_4,son_3,0,0,pet_4,108,196,33,0
480,reason_9,month_1,day_2,season_1,118,5,29,29,281.015,90,0,education_1,son_0,0,0,pet_0,80,185,23,46
481,reason_2,month_6,day_2,season_3,169,52,29,27,306.576,100,1,education_4,son_4,1,0,pet_4,56,196,28,61
482,reason_0,month_12,day_2,season_4,303,5,1,50,336.65,95,0,education_1,son_1,0,0,pet_4,85,170,19,0
483,reason_18,month_12,day_2,season_2,307,52,1,38,219.233,91,0,education_1,son_0,1,0,pet_2,56,163,19,0
484,reason_4,month_3,day_6,season_4,118,30,29,27,209.604,92,1,education_1,son_2,0,0,pet_0,65,187,35,51
485,reason_23,month_0,day_2,season_1,388,41,6,50,205.917,96,0,education_1,son_0,0,1,pet_0,106,186,37,0
486,reason_23,month_9,day_3,season_1,388,39,16,37,205.917,100,0,education_1,son_2,0,0,pet_1,108,168,30,0
487,reason_24,month_7,day_2,season_1,296,25,1,32,275.337,88,0,education_1,son_1,0,0,pet_5,108,163,38,0
488,reason_5,month_0,day_2,season_4,300,52,24,30,294.707,100,0,education_2,son_1,1,0,pet_1,108,163,30,0
489,reason_4,month_3,day_2,season_3,178,43,8,28,318.325,91,1,education_1,son_4,0,0,pet_1,60,171,19,82
490,reason_15,month_8,day_2,season_4,149,37,27,58,205.917,97,0,education_3,son_1,0,0,pet_5,56,173,20,4
491,reason_27,month_10,day_4,season_2,242,52,21,54,234.562,87,0,education_1,son_2,1,0,pet_1,105,196,25,70
492,reason_7,month_10,day_2,season_4,388,51,25,27,205.917,100,0,education_1,son_4,1,0,pet_2,84,190,21,109
493,reason_8,month_0,day_6,season_4,118,27,13,30,267.342,100,0,education_2,son_1,1,0,pet_0,104,168,33,0
494,reason_22,month_10,day_2,season_4,247,52,17,32,205.917,95,0,education_1,son_1,0,0,pet_0,56,172,22,0
495,reason_25,month_10,day_5,season_4,388,27,12,36,289.203,99,0,education_1,son_2,1,0,pet_0,98,196,34,103
496,reason_16,month_12,day_2,season_1,276,52,25,58,378.884,100,1,education_1,son_1,0,0,pet_0,108,192,21,0
497,reason_12,month_12,day_2,season_3,154,46,4,29,254.073,90,0,education_2,son_4,0,0,pet_1,101,170,35,0
498,reason_22,month_0,day_2,season_1,118,52,1,36,318.461,85,0,education_1,son_4,1,0,pet_0,93,163,30,44
499,reason_23,month_5,day_2,season_3,354,26,1,41,226.324,88,1,education_3,son_0,0,0,pet_0,85,163,19,88
500,reason_22,month_1,day_2,season_2,344,17,25,27,378.884,90,1,education_1,son_0,1,0,pet_5,108,170,19,113
501,reason_21,month_5,day_2,season_1,187,5,10,27,284.97,100,0,education_1,son_4,1,1,pet_2,56,163,35,63
502,reason_3,month_12,day_2,season_1,388,52,1,53,230.538,83,0,education_1,son_1,1,1,pet_1,105,183,34,0
503,reason_16,month_4,day_2,season_4,291,32,16,27,371.068,85,0,education_2,son_0,0,0,pet_0,106,163,34,52
504,reason_21,month_0,day_2,season_3,313,31,19,58,251.811,92,0,education_2,son_1,1,0,pet_0,97,196,19,50
505,reason_22,month_0,day_2,season_1,118,52,1,27,205.917,100,0,education_2,son_0,1,1,pet_2,77,179,38,0
506,reason_2,month_10,day_2,season_2,284,11,29,27,271.167,98,0,education_1,son_0,1,0,pet_1,91,174,26,0
507,reason_5,month_12,day_2,season_1,118,5,15,27,205.917,98,0,education_1,son_1,0,0,pet_2,93,163,36,0
508,reason_22,month_8,day_4,season_2,153,37,17,44,309.632,98,1,education_4,son_1,1,1,pet_1,56,182,38,48
509,reason_4,month_0,day_2,season_2,388,5,1,27,205.917,100,0,education_2,son_3,0,0,pet_8,108,186,29,0
510,reason_11,month_0,day_2,season_3,118,52,1,28,327.401,82,1,education_4,son_3,0,1,pet_0,56,195,33,0
511,reason_25,month_0,day_5,season_1,118,14,1,27,361.236,81,0,education_2,son_2,1,0,pet_2,63,173,19,0
512,reason_27,month_0,day_2,season_4,323,52,8,50,205.917,100,1,education_3,son_2,1,0,pet_0,68,191,22,12
513,reason_21,month_4,day_2,season_2,176,27,1,27,217.925,99,0,education_3,son_3,1,0,pet_0,75,176,23,0
514,reason_6,month_9,day_2,season_1,178,26,1,28,205.917,100,0,education_4,son_3,1,0,pet_4,65,169,19,117
515,reason_27,month_6,day_2,season_1,350,40,24,45,205.917,94,0,education_1,son_1,1,0,pet_1,78,181,36,31
516,reason_23,month_3,day_2,season_4,118,16,7,43,238.953,95,0,education_1,son_1,1,0,pet_2,95,163,38,0
517,reason_3,month_12,day_2,season_4,218,19,12,47,310.163,100,0,education_1,son_4,1,1,pet_8,85,163,19,46
518,reason_14,month_6,day_2,season_3,118,38,18,41,216.947,81,0,education_1,son_1,1,0,pet_8,56,173,19,0
519,reason_11,month_8,day_2,season_1,290,52,29,27,242.537,100,0,education_3,son_4,1,0,pet_2,58,169,27,0
520,reason_11,month_0,day_5,season_4,131,24,17,43,378.884,89,1,education_4,son_2,1,1,pet_0,96,187,34,83
521,reason_12,month_3,day_6,season_2,388,52,10,27,205.917,91,0,education_1,son_2,1,0,pet_2,63,194,19,0
522,reason_11,month_4,day_2,season_1,328,20,1,27,218.695,91,1,education_1,son_4,1,0,pet_0,97,178,36,107
523,reason_17,month_11,day_2,season_2,118,13,1,42,289.668,100,1,education_1,son_0,0,0,pet_1,71,187,19,0
524,reason_1,month_10,day_2,season_1,118,23,29,27,268.796,90,0,education_1,son_0,0,0,pet_2,56,196,19,0
525,reason_11,month_3,day_6,season_3,294,52,7,27,308.241,85,1,education_1,son_2,1,0,pet_0,66,176,23,43
526,reason_14,month_0,day_2,season_2,299,51,15,48,205.917,100,0,education_1,son_0,1,1,pet_1,64,163,31,0
527,reason_16,month_2,day_4,season_3,372,16,1,50,253.331,100,0,education_1,son_2,0,1,pet_0,95,189,29,63
528,reason_5,month_3,day_2,season_2,118,31,20,51,205.917,85,1,education_1,son_4,0,0,pet_2,108,169,34,0
529,reason_10,month_0,day_2,season_1,274,52,6,53,378.884,96,0,education_4,son_0,0,0,pet_2,93,196,31,0
530,reason_11,month_9,day_2,season_2,388,52,6,46,219.436,100,1,education_1,son_0,0,0,pet_2,56,168,38,6
531,reason_19,month_10,day_2,season_3,289,52,17,31,324.149,100,0,education_1,son_3,0,1,pet_4,56,173,25,108
532,reason_23,month_3,day_2,season_3,308,26,17,27,268.461,100,0,education_1,son_2,0,1,pet_1,56,168,24,27
533,reason_14,month_8,day_2,season_3,388,50,12,39,360.043,85,0,education_4,son_4,1,0,pet_4,108,196,19,31
534,reason_3,month_9,day_2,season_4,118,5,1,45,324.608,100,0,education_1,son_3,0,0,pet_5,56,163,38,106
535,reason_25,month_10,day_2,season_3,317,52,29,27,205.917,86,0,education_3,son_0,1,0,pet_0,85,190,28,120
536,reason_24,month_12,day_2,season_1,388,5,21,53,240.293,100,0,education_1,son_4,1,0,pet_0,104,183,19,0
537,reason_17,month_2,day_5,season_1,118,38,29,27,333.372,100,0,education_1,son_2,1,1,pet_0,67,163,23,120
538,reason_25,month_9,day_2,season_3,126,25,1,27,312.509,88,0,education_2,son_1,1,0,pet_5,93,193,28,0
539,reason_3,month_12,day_2,season_4,236,13,2,50,205.917,89,1,education_3,son_3,0,0,pet_0,64,196,25,0
540,reason_23,month_1,day_3,season_3,118,10,29,27,213.073,93,0,education_1,son_2,0,1,pet_2,69,179,19,25
541,reason_22,month_9,day_2,season_3,187,33,13,42,378.884,96,0,education_1,son_4,0,0,pet_0,99,163,31,0
542,reason_6,month_4,day_2,season_1,118,50,1,32,215.347,97,1,education_1,son_2,0,0,pet_2,61,163,20,46
543,reason_23,month_0,day_3,season_3,199,52,19,27,334.788,92,0,education_3,son_2,1,0,pet_0,98,175,19,0
544,reason_14,month_8,day_2,season_1,374,52,7,40,292.851,100,0,education_1,son_0,1,0,pet_0,73,163,32,0
545,reason_5,month_11,day_4,season_3,388,52,7,52,221.029,81,0,education_1,son_2,0,0,pet_8,63,172,21,0
546,reason_25,month_10,day_2,season_2,118,42,1,28,338.032,81,0,education_1,son_1,1,0,pet_0,101,193,38,31
547,reason_21,month_11,day_2,season_3,318,19,12,34,378.884,100,0,education_2,son_0,0,0,pet_0,82,163,28,14
548,reason_8,month_12,day_2,season_1,311,25,3,36,230.891,81,0,education_3,son_3,1,0,pet_0,79,188,36,0
549,reason_28,month_0,day_2,season_1,388,27,18,58,273.481,85,1,education_3,son_0,0,1,pet_5,108,184,19,0
550,reason_28,month_3,day_2,season_1,210,5,17,54,287.542,84,0,education_4,son_1,1,0,pet_5,97,173,29,38
551,reason_13,month_10,day_2,season_1,382,5,12,39,357.463,81,0,education_1,son_3,0,1,pet_0,85,168,38,120
552,reason_23,month_3,day_4,season_1,118,52,29,27,349.402,100,0,education_3,son_2,1,0,pet_0,56,163,22,120
553,reason_22,month_1,day_2,season_3,118,5,17,53,205.917,93,1,education_1,son_4,1,0,pet_0,108,179,30,72
554,reason_27,month_8,day_2,season_1,374,52,11,30,360.442,82,1,education_2,son_0,0,1,pet_2,65,191,38,106
555,reason_25,month_0,day_3,season_2,237,24,5,27,205.917,100,0,education_3,son_2,0,0,pet_0,94,163,19,75
556,reason_18,month_6,day_2,season_4,178,34,29,39,228.244,81,0,education_4,son_0,0,1,pet_0,85,196,19,0
557,reason_10,month_8,day_2,season_2,199,33,1,58,312.128,100,1,education_3,son_3,0,0,pet_2,61,192,34,0
558,reason_6,month_5,day_2,season_2,237,39,1,40,314.305,100,0,education_1,son_0,1,0,pet_4,58,172,19,23
559,reason_3,month_6,day_2,season_1,118,36,29,27,337.946,82,0,education_4,son_0,0,0,pet_0,88,183,19,4
560,reason_14,month_3,day_2,season_2,388,52,1,58,260.231,87,1,education_2,son_0,1,1,pet_2,87,166,24,0
561,reason_27,month_0,day_2,season_3,118,47,1,27,205.917,96,0,education_3,son_1,0,0,pet_2,94,182,19,61
562,reason_0,month_8,day_2,season_2,118,52,29,30,367.495,98,0,education_1,son_4,0,0,pet_4,97,163,32,43
563,reason_17,month_0,day_2,season_1,224,16,17,28,235.027,100,0,education_3,son_1,1,0,pet_0,92,163,28,0
564,reason_15,month_0,day_2,season_1,118,42,1,58,331.155,89,0,education_2,son_0,0,0,pet_0,59,165,23,0
565,reason_24,month_2,day_3,season_2,272,18,24,27,376.015,100,0,education_2,son_2,0,1,pet_4,77,169,19,100
566,reason_18,month_0,day_2,season_4,153,52,1,48,330.002,86,0,education_4,son_0,1,0,pet_1,70,166,23,11
567,reason_4,month_0,day_2,season_3,388,24,1,49,317.433,93,0,education_4,son_0,1,0,pet_2,62,163,37,49
568,reason_4,month_6,day_2,season_4,348,21,19,42,213.478,86,1,education_1,son_4,1,0,pet_0,108,180,24,68
569,reason_18,month_10,day_2,season_3,335,49,17,36,378.884,82,0,education_4,son_3,1,0,pet_0,94,163,19,56
570,reason_0,month_9,day_2,season_1,253,38,21,42,205.917,93,0,education_1,son_1,1,0,pet_5,65,165,38,10
571,reason_15,month_12,day_2,season_1,307,52,7,46,205.917,100,0,education_1,son_4,1,0,pet_1,108,172,35,0
572,reason_16,month_2,day_2,season_2,373,13,7,58,253.764,89,0,education_1,son_1,0,1,pet_1,56,163,19,120
573,reason_22,month_2,day_2,season_4,206,5,1,39,205.917,100,0,education_1,son_0,1,1,pet_0,74,180,32,106
574,reason_0,month_0,day_5,season_2,388,31,28,58,303.307,81,0,education_1,son_2,0,0,pet_2,108,196,23,36
575,reason_28,month_5,day_2,season_4,118,51,6,56,205.917,97,0,education_2,son_1,0,0,pet_0,107,163,19,120
576,reason_27,month_4,day_2,season_1,352,5,29,27,320.235,85,0,education_1,son_4,1,0,pet_0,108,190,26,23
577,reason_12,month_0,day_2,season_1,388,12,16,38,216.42,100,0,education_1,son_4,0,0,pet_0,101,163,27,55
578,reason_22,month_0,day_2,season_4,267,7,29,38,217.748,100,0,education_4,son_1,0,0,pet_8,108,177,19,0
579,reason_18,month_12,day_2,season_3,388,5,1,27,205.917,91,0,education_1,son_2,0,0,pet_0,59,190,31,0
580,reason_0,month_11,day_2,season_4,294,23,11,49,205.917,81,1,education_3,son_2,0,0,pet_0,108,163,35,0
581,reason_12,month_0,day_2,season_1,315,52,2,27,378.884,100,0,education_3,son_1,0,0,pet_1,56,196,38,115
582,reason_15,month_10,day_2,season_1,346,52,23,47,297.213,100,1,education_2,son_4,0,0,pet_0,108,164,29,120
583,reason_3,month_1,day_2,season_3,176,42,1,28,206.628,86,0,education_3,son_0,0,0,pet_1,59,170,19,0
584,reason_14,month_1,day_2,season_2,194,20,29,27,205.917,83,1,education_1,son_4,1,0,pet_1,70,163,19,0
585,reason_23,month_11,day_3,season_4,325,27,1,42,261.045,100,0,education_3,son_2,0,0,pet_0,59,163,38,0
586,reason_4,month_12,day_2,season_2,118,44,1,35,306.349,100,0,education_1,son_0,0,0,pet_2,108,170,33,0
587,reason_2,month_0,day_2,season_4,284,43,3,32,256.977,97,0,education_2,son_0,1,0,pet_0,108,196,30,71
588,reason_10,month_1,day_2,season_1,118,19,29,54,378.884,81,0,education_1,son_2,1,0,pet_0,108,196,21,1
589,reason_28,month_3,day_2,season_1,118,31,29,38,205.917,96,1,education_1,son_4,1,0,pet_1,108,176,19,18
590,reason_19,month_0,day_3,season_3,118,37,14,38,378.884,100,0,education_4,son_2,0,1,pet_8,80,175,38,72
591,reason_11,month_5,day_2,season_3,183,5,23,54,205.917,100,0,education_1,son_0,1,1,pet_8,56,169,19,0
592,reason_8,month_9,day_2,season_1,118,9,28,41,205.917,81,0,education_3,son_0,0,0,pet_8,108,163,19,0
593,reason_10,month_0,day_6,season_1,350,26,9,45,205.917,95,0,education_2,son_2,0,1,pet_2,97,166,19,14
594,reason_23,month_0,day_2,season_3,305,21,1,27,265.974,90,1,education_3,son_0,0,0,pet_1,84,180,38,0
595,reason_27,month_4,day_2,season_4,118,5,27,27,222.36,96,0,education_3,son_0,1,0,pet_0,89,194,19,93
596,reason_24,month_7,day_6,season_1,388,38,15,34,333.753,100,0,education_1,son_1,1,0,pet_0,65,196,27,0
597,reason_2,month_0,day_2,season_4,379,29,14,27,359.34,100,0,education_3,son_0,0,0,pet_1,74,196,23,58
598,reason_5,month_4,day_2,season_1,172,32,10,27,338.916,90,0,education_3,son_1,1,0,pet_1,56,182,21,0
599,reason_3,month_0,day_2,season_3,118,31,27,27,205.917,95,0,education_2,son_0,1,0,pet_0,73,172,38,0
600,reason_8,month_8,day_2,season_3,329,52,12,35,205.917,89,1,education_1,son_1,1,1,pet_1,108,182,19,0
601,reason_13,month_6,day_4,season_4,388,52,10,58,372.225,88,0,education_1,son_2,1,0,pet_0,80,180,19,20
602,reason_23,month_5,day_2,season_3,118,36,29,27,250.498,97,0,education_2,son_1,1,0,pet_0,108,176,31,0
603,reason_5,month_9,day_2,season_2,268,52,1,32,261.837,100,0,education_2,son_1,0,1,pet_5,108,196,38,0
604,reason_19,month_12,day_2,season_1,118,16,18,27,205.917,100,0,education_1,son_0,1,0,pet_0,77,175,19,84
605,reason_12,month_0,day_2,season_2,118,37,9,40,208.829,97,0,education_2,son_2,1,0,pet_2,98,196,24,0
606,reason_1,month_8,day_3,season_1,192,42,14,47,205.917,99,0,education_3,son_2,1,0,pet_4,60,179,26,0
607,reason_6,month_0,day_2,season_1,188,5,29,27,215.708,100,0,education_3,son_4,0,1,pet_1,63,163,27,0
608,reason_22,month_9,day_2,season_2,342,52,1,30,205.917,100,0,education_1,son_1,0,1,pet_0,107,172,38,0
609,reason_17,month_5,day_2,season_3,118,26,23,27,205.917,100,0,education_2,son_1,0,0,pet_4,107,163,19,99
610,reason_23,month_0,day_2,season_3,118,5,29,35,209.445,96,1,education_2,son_0,1,0,pet_8,67,189,19,28
611,reason_9,month_4,day_2,season_3,118,5,29,58,310.231,86,1,education_1,son_1,0,0,pet_0,108,181,28,27
612,reason_21,month_0,day_2,season_2,163,27,18,31,210.183,90,1,education_3,son_1,0,0,pet_1,103,167,38,0
613,reason_27,month_10,day_2,season_2,388,15,1,58,267.358,82,0,education_1,son_0,1,0,pet_0,56,172,19,0
614,reason_23,month_4,day_2,season_2,118,27,1,27,276.142,94,0,education_1,son_3,0,0,pet_1,79,190,22,17
615,reason_6,month_10,day_2,season_3,388,52,13,57,309.377,85,1,education_1,son_1,1,0,pet_0,108,167,38,0
616,reason_14,month_4,day_2,season_2,292,47,6,58,378.884,100,0,education_1,son_3,1,0,pet_0,108,163,36,0
617,reason_5,month_2,day_2,season_4,118,5,7,37,244.666,100,0,education_1,son_3,0,0,pet_0,78,179,19,0
618,reason_21,month_1,day_2,season_4,267,5,7,37,346.204,90,1,education_1,son_3,1,0,pet_1,84,163,38,48
619,reason_16,month_1,day_2,season_2,211,16,26,54,216.031,100,0,education_1,son_3,0,0,pet_1,76,174,19,0
620,reason_23,month_2,day_4,season_1,161,27,29,37,378.884,99,1,education_1,son_1,0,0,pet_0,56,165,31,0
621,reason_8,month_3,day_2,season_2,252,5,19,48,275.346,84,0,education_2,son_1,0,1,pet_0,108,171,27,59
622,reason_23,month_5,day_2,season_3,198,5,1,27,205.917,97,0,education_2,son_4,1,0,pet_2,76,163,21,90
623,reason_19,month_0,day_6,season_4,118,5,24,49,205.917,81,0,education_2,son_2,1,1,pet_0,92,168,31,0
624,reason_12,month_0,day_5,season_4,263,5,22,27,208.042,100,0,education_1,son_2,1,0,pet_0,90,179,32,0
625,reason_15,month_6,day_2,season_4,118,41,26,45,374.707,100,1,education_1,son_0,0,1,pet_8,57,163,34,0
626,reason_8,month_2,day_3,season_1,118,19,1,54,378.884,100,0,education_1,son_2,0,0,pet_8,74,173,38,14
627,reason_23,month_4,day_2,season_3,388,41,17,58,301.645,100,0,education_1,son_1,0,0,pet_8,93,163,27,9
628,reason_14,month_2,day_2,season_1,265,25,13,58,205.917,87,0,education_1,son_4,1,0,pet_0,87,186,38,0
629,reason_0,month_11,day_2,season_3,249,47,29,43,297.601,84,0,education_2,son_2,1,0,pet_0,83,186,19,0
630,reason_23,month_12,day_2,season_2,176,5,5,27,205.917,99,0,education_1,son_0,0,0,pet_5,56,196,38,0
631,reason_9,month_12,day_2,season_1,290,47,1,27,205.917,81,0,education_1,son_0,0,0,pet_0,56,179,19,0
632,reason_14,month_2,day_2,season_2,388,21,14,46,239.451,82,0,education_1,son_0,0,1,pet_8,56,163,34,104
633,reason_25,month_6,day_2,season_1,199,29,2,37,293.321,93,0,education_4,son_1,0,0,pet_0,98,191,30,0
634,reason_28,month_7,day_3,season_1,118,19,3,27,205.917,100,0,education_1,son_2,0,1,pet_1,91,163,19,65
635,reason_3,month_8,day_3,season_3,118,5,5,50,378.884,100,0,education_1,son_2,1,0,pet_2,64,174,26,120
636,reason_25,month_0,day_2,season_4,388,27,25,58,343.859,95,0,education_4,son_0,0,1,pet_0,56,163,33,75
637,reason_17,month_8,day_3,season_4,189,35,19,53,288.652,89,0,education_1,son_2,0,1,pet_8,79,163,20,0
638,reason_17,month_8,day_2,season_2,256,35,24,43,205.917,98,1,education_2,son_4,0,0,pet_1,108,196,21,13
639,reason_14,month_9,day_2,season_2,134,11,27,58,314.75,97,1,education_1,son_0,0,1,pet_1,89,196,38,120
640,reason_13,month_8,day_2,season_1,118,24,1,44,378.884,97,1,education_1,son_0,1,0,pet_0,106,172,30,0
641,reason_27,month_2,day_2,season_1,118,5,21,27,378.005,97,0,education_1,son_1,1,0,pet_1,89,163,25,90
642,reason_3,month_3,day_2,season_1,295,52,29,58,250.055,88,0,education_1,son_4,0,0,pet_1,88,187,19,0
643,reason_24,month_5,day_2,season_1,118,14,1,29,209.235,81,0,education_3,son_2,1,0,pet_8,72,163,38,7
644,reason_18,month_5,day_2,season_2,128,30,26,37,244.03,90,0,education_1,son_1,1,0,pet_0,91,196,38,0
645,reason_11,month_0,day_2,season_3,126,30,19,41,305.857,93,0,education_2,son_0,0,0,pet_0,70,163,31,88
646,reason_6,month_4,day_2,season_4,270,22,1,53,217.601,83,0,education_3,son_4,0,1,pet_8,57,176,22,10
647,reason_19,month_12,day_2,season_2,388,5,9,27,248.796,94,0,education_1,son_1,0,0,pet_0,56,188,19,6
648,reason_15,month_5,day_5,season_1,118,15,29,34,297.422,100,0,education_1,son_2,0,0,pet_0,108,196,38,115
649,reason_4,month_7,day_2,season_1,184,5,1,53,303.444,100,1,education_1,son_2,1,0,pet_1,92,196,25,30
650,reason_11,month_1,day_3,season_2,388,23,12,27,205.917,100,0,education_1,son_2,1,0,pet_2,56,182,19,0
651,reason_18,month_7,day_2,season_1,318,32,1,57,337.432,92,0,education_1,son_2,1,1,pet_0,104,194,37,77
652,reason_11,month_6,day_2,season_4,305,9,11,56,205.917,100,1,education_3,son_4,1,0,pet_5,94,165,19,0
653,reason_3,month_6,day_2,season_2,388,23,25,32,205.917,94,0,education_3,son_0,1,0,pet_0,91,176,38,0
654,reason_15,month_1,day_6,season_3,388,48,20,45,378.04,85,0,education_3,son_2,1,0,pet_4,56,163,19,72
655,reason_13,month_0,day_2,season_3,332,22,1,27,378.884,81,0,education_1,son_2,0,1,pet_1,84,175,23,0
656,reason_27,month_7,day_2,season_4,278,14,7,27,332.801,98,1,education_1,son_1,1,0,pet_0,108,163,19,0
657,reason_0,month_10,day_2,season_2,388,5,1,47,298.114,100,0,education_3,son_0,0,0,pet_5,79,196,34,120
658,reason_8,month_3,day_2,season_1,118,49,29,27,377.363,98,0,education_1,son_4,1,0,pet_1,99,166,38,112
659,reason_7,month_0,day_4,season_1,187,35,8,39,205.917,100,0,education_2,son_2,1,1,pet_0,88,163,21,0
660,reason_19,month_5,day_2,season_4,183,5,1,27,308.353,97,0,education_3,son_1,1,0,pet_1,56,180,19,120
661,reason_14,month_0,day_2,season_1,388,44,5,32,237.71,83,0,education_1,son_3,0,0,pet_0,108,186,25,8
662,reason_17,month_0,day_6,season_1,325,23,27,53,332.899,92,0,education_3,son_1,0,0,pet_0,96,169,33,0
663,reason_27,month_2,day_2,season_2,208,52,1,39,205.917,81,0,education_1,son_1,1,0,pet_5,95,163,19,0
664,reason_22,month_0,day_2,season_3,118,52,1,48,205.917,97,0,education_2,son_4,1,0,pet_8,101,178,38,11
665,reason_23,month_3,day_2,season_2,307,43,7,36,356.512,94,1,education_1,son_0,0,0,pet_0,63,179,35,38
666,reason_27,month_6,day_2,season_4,118,19,17,27,205.917,94,0,education_2,son_1,0,0,pet_0,77,171,25,0
667,reason_24,month_0,day_2,season_2,283,7,1,28,378.884,100,0,education_2,son_0,0,0,pet_0,78,192,19,0
668,reason_27,month_0,day_2,season_4,343,50,5,58,205.917,87,0,education_2,son_3,1,0,pet_0,83,163,19,68
669,reason_21,month_7,day_2,season_3,364,26,3,31,205.917,90,0,education_1,son_0,1,0,pet_1,104,171,29,22
670,reason_25,month_10,day_2,season_1,196,41,19,45,205.917,97,0,education_1,son_0,1,0,pet_0,108,177,20,16
671,reason_14,month_5,day_2,season_4,118,52,27,27,205.917,99,0,education_1,son_0,0,1,pet_2,96,196,19,0
672,reason_25,month_11,day_2,season_1,293,16,16,36,205.917,100,0,education_3,son_4,0,0,pet_1,72,165,19,61
673,reason_17,month_0,day_2,season_4,187,52,23,47,299.977,86,0,education_3,son_3,1,0,pet_0,96,164,20,23
674,reason_21,month_0,day_2,season_4,118,30,9,41,206.859,100,0,education_4,son_1,1,0,pet_4,72,179,29,0
675,reason_11,month_0,day_5,season_3,269,42,26,27,317.484,100,1,education_4,son_2,1,0,pet_0,91,188,26,90
676,reason_21,month_10,day_2,season_2,193,52,29,27,205.917,95,0,education_4,son_3,1,0,pet_0,101,167,33,13
677,reason_21,month_3,day_2,season_4,169,10,9,45,205.917,100,0,education_3,son_0,0,0,pet_0,105,163,24,0
678,reason_27,month_4,day_3,season_3,216,46,21,50,235.998,95,0,education_2,son_2,1,0,pet_0,56,163,27,0
679,reason_17,month_1,day_2,season_2,350,11,17,57,356.893,100,1,education_1,son_3,1,1,pet_8,108,189,19,0
680,reason_17,month_4,day_5,season_3,147,5,1,27,214.317,93,0,education_1,son_2,1,1,pet_0,81,196,31,0
681,reason_22,month_0,day_2,season_4,378,52,8,34,227.242,89,0,education_4,son_1,1,0,pet_0,76,174,19,8
682,reason_8,month_8,day_2,season_3,118,5,12,43,229.808,98,0,education_1,son_0,0,1,pet_0,93,196,32,0
683,reason_1,month_6,day_2,season_2,200,9,10,48,305.816,98,1,education_2,son_0,0,1,pet_1,56,192,35,54
684,reason_14,month_0,day_2,season_4,360,52,1,42,205.917,96,0,education_3,son_4,0,0,pet_8,56,182,20,0
685,reason_2,month_2,day_4,season_3,315,52,28,27,221.964,100,1,education_1,son_2,1,0,pet_1,78,196,35,3
686,reason_6,month_11,day_2,season_4,239,52,29,31,316.73,100,0,education_1,son_0,0,0,pet_2,85,178,28,0
687,reason_28,month_10,day_4,season_3,290,39,1,28,296.901,100,0,education_3,son_2,0,0,pet_0,88,163,19,0
688,reason_22,month_10,day_2,season_2,366,5,15,27,378.884,100,0,education_1,son_0,0,0,pet_1,58,163,32,42
689,reason_9,month_2,day_3,season_1,295,5,29,52,251.115,81,0,education_4,son_2,0,0,pet_0,79,189,27,18
690,reason_12,month_3,day_2,season_1,351,18,3,27,205.917,94,0,education_3,son_0,1,0,pet_1,108,196,19,94
691,reason_9,month_4,day_2,season_2,388,5,23,27,288.315,100,1,education_2,son_0,1,0,pet_0,108,163,20,49
692,reason_23,month_2,day_2,season_4,387,22,19,48,378.884,100,0,education_1,son_2,1,0,pet_8,108,177,22,0
693,reason_19,month_0,day_2,season_3,330,25,11,54,378.884,100,0,education_3,son_2,1,0,pet_2,91,190,25,6
694,reason_5,month_2,day_3,season_3,201,47,22,55,378.884,98,0,education_2,son_2,0,1,pet_0,56,168,19,0
695,reason_10,month_11,day_2,season_2,317,31,16,46,262.07,100,0,education_1,son_0,0,0,pet_0,105,163,25,32
696,reason_10,month_8,day_2,season_1,177,5,1,27,254.197,100,0,education_3,son_4,1,0,pet_4,56,163,30,29
697,reason_9,month_6,day_2,season_1,118,51,20,50,342.964,96,0,education_4,son_1,0,0,pet_0,89,174,24,120
698,reason_24,month_6,day_2,season_2,162,28,29,39,350.445,100,1,education_1,son_4,0,0,pet_2,108,163,29,0
699,reason_28,month_0,day_2,season_1,313,34,26,27,314.16,85,0,education_3,son_4,0,0,pet_0,56,191,36,11
700,reason_6,month_11,day_3,season_3,277,32,5,58,205.917,83,0,education_3,son_2,1,0,pet_0,56,173,19,40
701,reason_9,month_8,day_2,season_4,118,5,29,27,331.009,94,0,education_2,son_2,0,0,pet_5,56,163,30,0
702,reason_22,month_0,day_2,season_1,388,5,4,27,220.828,81,0,education_2,son_0,0,0,pet_0,96,196,19,0
703,reason_15,month_0,day_5,season_3,201,5,1,50,311.0,87,1,education_2,son_2,1,0,pet_0,101,196,38,51
704,reason_25,month_0,day_2,season_2,118,41,1,27,264.773,100,0,education_3,son_0,1,0,pet_4,108,163,38,0
705,reason_2,month_9,day_2,season_3,386,5,1,54,378.884,87,0,education_4,son_4,0,0,pet_1,73,179,38,0
706,reason_28,month_0,day_3,season_2,118,18,20,32,290.314,86,0,education_2,son_2,1,0,pet_1,70,193,30,47
707,reason_6,month_0,day_5,season_3,118,48,21,35,304.53,81,0,education_2,son_2,1,0,pet_5,108,177,34,0
708,reason_27,month_4,day_2,season_3,218,22,3,27,209.014,84,0,education_2,son_1,1,1,pet_0,61,189,38,73
709,reason_9,month_4,day_2,season_2,253,40,9,27,297.173,88,0,education_1,son_2,1,0,pet_1,74,164,29,74
710,reason_23,month_0,day_3,season_3,385,52,1,58,256.122,100,0,education_3,son_2,1,0,pet_1,57,163,19,0
711,reason_6,month_0,day_4,season_2,306,5,29,27,345.836,93,0,education_3,son_2,1,0,pet_5,108,163,19,0
712,reason_0,month_12,day_2,season_3,118,5,12,55,257.324,100,0,education_3,son_0,1,0,pet_5,62,183,38,49
713,reason_11,month_1,day_2,season_4,118,12,29,27,331.715,97,0,education_3,son_3,1,0,pet_4,56,163,19,0
714,reason_14,month_0,day_6,season_2,388,52,11,31,254.328,81,1,education_3,son_1,0,0,pet_0,88,163,25,0
715,reason_8,month_11,day_3,season_3,388,5,18,37,222.462,96,0,education_3,son_2,1,0,pet_0,93,196,19,52
716,reason_23,month_2,day_4,season_2,388,24,12,53,378.884,100,1,education_1,son_1,0,0,pet_2,56,163,21,82
717,reason_11,month_0,day_2,season_4,244,22,11,27,368.885,100,1,education_2,son_4,1,0,pet_0,103,196,32,120
718,reason_1,month_4,day_3,season_4,371,24,16,33,231.687,100,0,education_4,son_2,1,0,pet_1,92,191,35,81
719,reason_19,month_4,day_2,season_2,118,28,21,27,243.598,97,1,education_1,son_0,0,0,pet_0,99,183,33,0
720,reason_12,month_9,day_2,season_1,294,5,1,27,205.917,95,0,education_4,son_4,1,0,pet_8,98,169,19,120
721,reason_2,month_0,day_2,season_4,355,5,8,27,205.917,81,0,education_3,son_0,1,0,pet_1,70,196,19,0
722,reason_5,month_2,day_2,season_1,206,23,25,42,235.492,100,0,education_1,son_1,1,1,pet_4,56,175,22,50
723,reason_28,month_3,day_5,season_3,223,52,3,31,349.082,100,1,education_3,son_2,1,0,pet_0,71,163,27,0
724,reason_0,month_0,day_2,season_1,120,52,15,27,277.978,100,0,education_2,son_1,0,0,pet_1,59,163,34,0
725,reason_12,month_4,day_2,season_1,161,33,13,30,304.08,98,0,education_1,son_0,0,1,pet_0,108,183,38,120
726,reason_27,month_8,day_2,season_1,216,14,27,53,253.421,98,1,education_4,son_1,1,0,pet_1,92,171,26,0
727,reason_22,month_1,day_2,season_3,379,52,2,27,242.616,94,0,education_3,son_0,1,0,pet_0,56,191,31,0
728,reason_2,month_4,day_2,season_1,305,18,29,58,205.917,83,0,education_2,son_4,1,1,pet_2,61,163,24,45
729,reason_14,month_12,day_2,season_1,181,36,6,33,246.137,99,1,education_1,son_4,1,0,pet_1,65,173,24,92
730,reason_14,month_12,day_2,season_3,388,5,1,37,265.838,100,0,education_1,son_1,0,0,pet_0,84,189,36,15
731,reason_10,month_8,day_2,season_1,388,38,27,49,246.178,100,1,education_4,son_1,0,0,pet_1,108,171,26,0
732,reason_27,month_0,day_2,season_2,191,26,17,27,289.279,89,0,education_2,son_0,1,0,pet_4,108,169,25,0
733,reason_2,month_0,day_4,season_4,118,5,29,37,321.175,96,1,education_4,son_1,0,1,pet_4,86,180,31,32
734,reason_2,month_9,day_2,season_2,331,52,6,28,346.754,90,0,education_1,son_0,1,0,pet_0,56,196,33,0
735,reason_6,month_12,day_2,season_2,118,33,25,27,205.917,81,1,education_1,son_0,1,0,pet_8,108,163,24,0
736,reason_8,month_3,day_2,season_1,118,5,1,34,205.917,90,0,education_1,son_4,1,1,pet_8,72,163,38,24
737,reason_0,month_4,day_2,season_3,388,47,8,42,295.206,100,0,education_1,son_4,1,1,pet_0,108,196,24,47
738,reason_25,month_11,day_2,season_1,388,5,22,39,251.67,87,0,education_1,son_0,0,0,pet_1,83,163,28,24
739,reason_7,month_10,day_2,season_4,118,45,1,41,267.75,96,1,education_1,son_4,0,1,pet_4,66,185,38,10
